"id","name","isFork","commits","branches","releases","forks","mainLanguage","defaultBranch","license","homepage","watchers","stargazers","contributors","size","createdAt","pushedAt","updatedAt","totalIssues","openIssues","totalPullRequests","openPullRequests","blankLines","codeLines","commentLines","metrics","lastCommit","lastCommitSHA","hasWiki","isArchived","isDisabled","isLocked","languages","labels","topics"
"9728181","apache/solr",false,"37713","48","0","653","Java","main","Apache License 2.0","https://solr.apache.org/","53","1195","320","534425","2021-02-23T12:12:42","2024-10-16T02:16:05","2024-10-16T10:35:23","0","0","2774","178","159637","1448160","192519","[{""language"":""YAML"",""blankLines"":196,""codeLines"":2257,""commentLines"":201},{""language"":""Markdown"",""blankLines"":620,""codeLines"":1185,""commentLines"":430},{""language"":""Lisp"",""blankLines"":1,""codeLines"":1,""commentLines"":1},{""language"":""PlantUML"",""blankLines"":7,""codeLines"":104,""commentLines"":4},{""language"":""Java"",""blankLines"":109622,""codeLines"":716328,""commentLines"":164128},{""language"":""XSLT"",""blankLines"":90,""codeLines"":608,""commentLines"":185},{""language"":""TOML"",""blankLines"":1,""codeLines"":9,""commentLines"":3},{""language"":""Text"",""blankLines"":14046,""codeLines"":513740,""commentLines"":0},{""language"":""Python"",""blankLines"":853,""codeLines"":4663,""commentLines"":590},{""language"":""DTD"",""blankLines"":10,""codeLines"":15,""commentLines"":43},{""language"":""XML"",""blankLines"":7382,""codeLines"":56094,""commentLines"":14194},{""language"":""Gradle"",""blankLines"":1502,""codeLines"":6765,""commentLines"":2780},{""language"":""Mustache"",""blankLines"":21,""codeLines"":195,""commentLines"":2},{""language"":""Handlebars"",""blankLines"":3,""codeLines"":176,""commentLines"":22},{""language"":""Properties"",""blankLines"":15,""codeLines"":130,""commentLines"":119},{""language"":""AsciiDoc"",""blankLines"":18723,""codeLines"":67235,""commentLines"":4090},{""language"":""DOS Batch"",""blankLines"":324,""codeLines"":1709,""commentLines"":270},{""language"":""CSV"",""blankLines"":4,""codeLines"":1276,""commentLines"":0},{""language"":""JavaScript"",""blankLines"":2329,""codeLines"":15881,""commentLines"":1909},{""language"":""Bourne Shell"",""blankLines"":588,""codeLines"":2505,""commentLines"":1316},{""language"":""Perl"",""blankLines"":76,""codeLines"":824,""commentLines"":149},{""language"":""INI"",""blankLines"":0,""codeLines"":426,""commentLines"":0},{""language"":""CSS"",""blankLines"":1902,""codeLines"":9574,""commentLines"":641},{""language"":""SVG"",""blankLines"":1,""codeLines"":647,""commentLines"":1},{""language"":""JSON"",""blankLines"":15,""codeLines"":39214,""commentLines"":0},{""language"":""Dockerfile"",""blankLines"":21,""codeLines"":97,""commentLines"":94},{""language"":""HTML"",""blankLines"":1022,""codeLines"":4899,""commentLines"":898},{""language"":""Bourne Again Shell"",""blankLines"":263,""codeLines"":1603,""commentLines"":449}]","2024-10-16T10:35:17","81d5a7ab919d579a688f03cc5c86c332c864454c",false,false,false,false,"{""Java"":36556798,""Shell"":332222,""HTML"":325678,""Python"":240118,""CSS"":236312,""Batchfile"":78626,""XSLT"":35107,""Ruby"":19600,""JavaScript"":17639,""Slim"":12003,""Mustache"":8598,""Handlebars"":7616,""AMPL"":667,""Emacs Lisp"":73}","admin-ui;api;bug;cat:api;cat:cli;cat:cloud;cat:index;cat:metrics;cat:packagemanager;cat:schema;cat:search;cat:security;client:solrj;closed-stale;configs;dependencies;docker;documentation;duplicate;enhancement;examples;exempt-stale;good first issue;help wanted;invalid;jetty-server;module:clustering;module:extraction;module:gcs-repository;module:hadoop-auth;module:hdfs;module:jwt-auth;module:langid;module:ltr;module:opentelemetry;module:s3-repository;module:scripting;module:sql;prometheus-exporter;question;scripts;stale;start-scripts;test-framework;tests;tool:build;tool:scripts;wontfix","backend;information-retrieval;java;lucene;nosql;search;search-engine;solr"
"16652669","opensearch-project/opensearch",false,"58911","317","49","1780","Java","main","Apache License 2.0","https://opensearch.org/docs/latest/opensearch/index/","140","9673","346","568496","2021-01-29T10:10:00","2024-10-17T08:07:10","2024-10-17T08:57:54","5731","1737","10134","155","262306","1615755","423961","[{""language"":""SVG"",""blankLines"":0,""codeLines"":5,""commentLines"":0},{""language"":""Text"",""blankLines"":2697,""codeLines"":14029,""commentLines"":0},{""language"":""Groovy"",""blankLines"":709,""codeLines"":4239,""commentLines"":1711},{""language"":""Python"",""blankLines"":18,""codeLines"":73,""commentLines"":47},{""language"":""Bourne Shell"",""blankLines"":113,""codeLines"":457,""commentLines"":246},{""language"":""INI"",""blankLines"":13,""codeLines"":56,""commentLines"":0},{""language"":""Freemarker Template"",""blankLines"":0,""codeLines"":6,""commentLines"":0},{""language"":""Protocol Buffers"",""blankLines"":16,""codeLines"":49,""commentLines"":50},{""language"":""Standard ML"",""blankLines"":1,""codeLines"":50,""commentLines"":0},{""language"":""YAML"",""blankLines"":11246,""codeLines"":88102,""commentLines"":2981},{""language"":""Markdown"",""blankLines"":2517,""codeLines"":6286,""commentLines"":6},{""language"":""AsciiDoc"",""blankLines"":1,""codeLines"":3,""commentLines"":0},{""language"":""Java"",""blankLines"":242660,""codeLines"":1465812,""commentLines"":412724},{""language"":""DOS Batch"",""blankLines"":120,""codeLines"":514,""commentLines"":71},{""language"":""ANTLR Grammar"",""blankLines"":55,""codeLines"":273,""commentLines"":44},{""language"":""Properties"",""blankLines"":223,""codeLines"":913,""commentLines"":1078},{""language"":""Lisp"",""blankLines"":10,""codeLines"":78,""commentLines"":0},{""language"":""HTML"",""blankLines"":2,""codeLines"":45,""commentLines"":14},{""language"":""Gradle"",""blankLines"":1697,""codeLines"":9480,""commentLines"":4749},{""language"":""Bourne Again Shell"",""blankLines"":150,""codeLines"":598,""commentLines"":172},{""language"":""XML"",""blankLines"":7,""codeLines"":1939,""commentLines"":37},{""language"":""JSON"",""blankLines"":11,""codeLines"":22597,""commentLines"":0},{""language"":""Dockerfile"",""blankLines"":40,""codeLines"":151,""commentLines"":31}]","2024-10-17T08:07:10","0c3e3c009ae85943460bcc26805c1cf57b195b91",true,false,false,false,"{""Java"":86641767,""Groovy"":266661,""Shell"":38711,""Batchfile"":18349,""ANTLR"":10108,""Dockerfile"":6111,""Python"":5008,""Emacs Lisp"":3341,""Standard ML"":3134,""HTML"":2177,""FreeMarker"":45}",":feature/datastream;:sanitize;:test;:xpack-removal;>blocker;>breaking;>fork;>test-failure;>upgrade;Roadmap:Cost/Performance/Scale;Roadmap:Releases/Project Health;Roadmap:Search;Roadmap:Stability/Availability/Resiliency;Roadmap:Vector Database/GenAI;api;arm64-mac-architecture;autocut;backlog;backport;backport 1.0;backport 1.1;backport 1.2;backport 1.3;backport 1.x;backport 2.0;backport 2.1;backport 2.10;backport 2.11;backport 2.12;backport 2.13;backport 2.14;backport 2.15;backport 2.16;backport 2.17;backport 2.2;backport 2.3;backport 2.4;backport 2.5;backport 2.6;backport 2.7;backport 2.8;backport 2.9;backport 2.x;backport main;backport-failed;backwards-compatibility;benchmarking;beta;blocked;bug;build;build libraries & interfaces;campaign;cci;ci;cicd;clients;cluster manager;clustermanager:remotestate;community;cve;deb/rpm;decision;dependabot;dependencies;deprecate;discuss;distributed framework;documentation;documentation pending;duplicate;engine performance;enhancement;experimental;extensions;feature;feedback needed;flaky-test;geospatial;good first issue;hacktoberfest;hacktoberfest-accepted;help wanted;high hanging fruit;idea;identity;indexing;indexing & search;indexing:performance;indexing:replication;ingest-pipeline;invalid;javadocs;libraries;low hanging fruit;macos;mend: configuration error;mend: dependency security vulnerability;merges;meta;needs more info;needs-review;non-issue;opendistro-port;other;patch;pending backport;performance;plugins;poc;ppc64le-architecture;priority-high;priority-immediate;priority-low;priority-medium;proposal;question;re-version;release;release highlight;rename;resiliency;rfc;roadmap:ease of use;roadmap:modular architecture;roadmap:observability/log analytics;roadmap:security;roadmap:security analytics;rolling-upgrade;scale;search;search:aggregations;search:performance;search:query capabilities;search:query insights;search:relevance;search:remote search;search:resiliency;search:searchable snapshots;search:user behavior insights;security;security fix;severity-blocker;severity-critical;severity-major;severity-minor;shardmanagement:insights;shardmanagement:performance;shardmanagement:placement;shardmanagement:resiliency;shardmanagement:routing;shardmanagement:sizing;skip-changelog;stalled;stats;storage;storage:durability;storage:performance;storage:remote;storage:resiliency;storage:snapshots;telemetry:metrics;telemetry:performance;telemetry:tracing;untriaged;v1.0.0;v1.0.0-alpha1;v1.0.1;v1.1.0;v1.1.1;v1.2.0;v1.2.1;v1.2.2;v1.2.3;v1.2.4;v1.3.0;v1.3.12;v1.3.13;v1.3.14;v1.3.15;v1.3.16;v1.3.17;v1.3.18;v1.3.19;v1.3.20;v1.3.7;v1.4.0;v2.0.0;v2.0.1;v2.1.0;v2.1.1;v2.10.0;v2.10.1;v2.11.0;v2.11.1;v2.11.2;v2.12.0;v2.12.1;v2.13.0;v2.13.1;v2.14.0;v2.14.1;v2.15.0;v2.15.1;v2.16.0;v2.16.1;v2.17.0;v2.17.1;v2.17.2;v2.18.0;v2.2.0;v2.3.0;v2.4.0;v2.5.0;v2.6.0;v2.7.0;v2.8.0;v2.8.1;v2.9.0;v2.9.1;v3.0.0;windows;wip;wontfix","analytics;apache2;foss;java;search;search-engine"
"16982529","elastic/logstash",false,"10856","252","156","3498","Java","main","Other","https://www.elastic.co/products/logstash","826","14207","349","128023","2010-11-18T01:31:50","2024-10-17T08:53:30","2024-10-17T05:51:06","6774","1968","9695","225","31670","144016","29106","[{""language"":""SVG"",""blankLines"":11,""codeLines"":709,""commentLines"":2},{""language"":""XML"",""blankLines"":12,""codeLines"":64,""commentLines"":14},{""language"":""INI"",""blankLines"":0,""codeLines"":5,""commentLines"":0},{""language"":""DOS Batch"",""blankLines"":77,""codeLines"":289,""commentLines"":22},{""language"":""Text"",""blankLines"":1980,""codeLines"":8503,""commentLines"":0},{""language"":""AsciiDoc"",""blankLines"":6043,""codeLines"":19613,""commentLines"":419},{""language"":""Java"",""blankLines"":10519,""codeLines"":44100,""commentLines"":14904},{""language"":""make"",""blankLines"":32,""codeLines"":205,""commentLines"":8},{""language"":""JSON"",""blankLines"":0,""codeLines"":3036,""commentLines"":0},{""language"":""Dockerfile"",""blankLines"":14,""codeLines"":66,""commentLines"":6},{""language"":""Bourne Shell"",""blankLines"":523,""codeLines"":2159,""commentLines"":544},{""language"":""Groovy"",""blankLines"":68,""codeLines"":248,""commentLines"":29},{""language"":""CSS"",""blankLines"":91,""codeLines"":490,""commentLines"":14},{""language"":""Bourne Again Shell"",""blankLines"":29,""codeLines"":188,""commentLines"":51},{""language"":""CSV"",""blankLines"":0,""codeLines"":663,""commentLines"":0},{""language"":""PowerShell"",""blankLines"":129,""codeLines"":301,""commentLines"":108},{""language"":""Properties"",""blankLines"":76,""codeLines"":550,""commentLines"":15},{""language"":""ERB"",""blankLines"":153,""codeLines"":963,""commentLines"":4},{""language"":""Go"",""blankLines"":11,""codeLines"":172,""commentLines"":20},{""language"":""Ruby"",""blankLines"":10515,""codeLines"":53012,""commentLines"":11491},{""language"":""YAML"",""blankLines"":191,""codeLines"":4733,""commentLines"":714},{""language"":""Markdown"",""blankLines"":595,""codeLines"":1368,""commentLines"":88},{""language"":""Gradle"",""blankLines"":302,""codeLines"":1451,""commentLines"":357},{""language"":""Python"",""blankLines"":281,""codeLines"":1072,""commentLines"":272},{""language"":""C"",""blankLines"":18,""codeLines"":56,""commentLines"":24}]","2024-10-16T02:55:52","b6f16c8b81c97120bc31717167b55ed2a64b6711",false,false,false,false,"{""Java"":2667902,""Ruby"":2584524,""Shell"":109731,""Python"":59279,""HTML"":40454,""PowerShell"":14868,""CSS"":14421,""Makefile"":11643,""Groovy"":11561,""Jinja"":7534,""Batchfile"":7124,""Go"":6147,""C"":3338,""Dockerfile"":2467}",":notice;>bug;arcsight module;automation;backport;backport needed;bc-approval-pending;bc-approved;benchmark-cli;blocker;breaking change;bug;build;buildkite;bundler;central management;ci;code cleanup;config syntax;crashes;datastreams;defunct;dependency:siem;design;developer docs;developer support;discuss;dlq;docker;docs;docs infra;dra;easyreview;eck;ecs;elastic-common-schema;enhancement;event api;feedback requested;fix-it-friday;geoip;good first issue;gradle;hacktoberfest;help wanted;high hanging fruit;http api;i18n;ingest-migration;int-shortlist;integration plugins;invalid;java 11 support;java 14 support;java 15 support;java 16 support;java 17 support;java 18 support;java 21 support;java api;java execution;jruby 9.4;jruby 9k;k8s;keystore;lir;logging improvements;m1;management;memory-leak;meta;metrics;missing cla;modules;monitoring;multiple pipelines;needs review;needs tests;needs:triage;netflow module;new plugin;offline management;p1;p2;p3;p4;packaging;papercut;performance improvements;performance regression;persistent queues;pioneer program;pipeline stalls;pipeline-to-pipeline;plugin issue;plugin manager;python;question;refactoring;regression;release;revisit;rfc;roadmap;ruby style guide;secret store;security;shortlist;spacetime;stalled;status:approved;status:changes-requested;status:confirmed;status:needs-info;status:needs-review;status:needs-triage;status:work-in-progress;team:docs;team:logstash;test failure;tests;tests-infra;unconfirmed;upstream fix needed;ux;v1.4.0;v1.4.1;v1.4.3;v1.4.4;v1.4.5;v1.5.0;v1.5.0-rc1;v1.5.0-rc3;v1.5.0-rc4;v1.5.1;v1.5.2;v1.5.3;v1.5.4;v1.5.5;v1.5.7;v2.0.0;v2.0.0-beta1;v2.0.0-beta2;v2.0.0-beta3;v2.0.1;v2.1.0;v2.1.1;v2.1.2;v2.2.0;v2.2.1;v2.2.3;v2.2.4;v2.3.0;v2.3.1;v2.3.2;v2.3.3;v2.4.0;v2.4.1;v2.4.2;v5.0.0;v5.0.0-alpha1;v5.0.0-alpha2;v5.0.0-alpha3;v5.0.0-alpha4;v5.0.0-alpha5;v5.0.0-beta1;v5.0.0-rc1;v5.0.1;v5.0.2;v5.0.3;v5.1.0;v5.1.1;v5.1.2;v5.2.0;v5.2.1;v5.2.2;v5.2.3;v5.3.0;v5.3.1;v5.3.2;v5.4.0;v5.4.1;v5.4.2;v5.5.0;v5.5.1;v5.5.2;v5.5.4;v5.6.0;v5.6.1;v5.6.11;v5.6.13;v5.6.2;v5.6.3;v5.6.4;v5.6.5;v5.6.6;v5.6.7;v5.6.8;v5.6.9;v5.7.0;v6.0.0;v6.0.0-alpha1;v6.0.0-alpha2;v6.0.0-beta1;v6.0.0-beta2;v6.0.0-rc1;v6.0.0-rc2;v6.0.1;v6.0.2;v6.1.0;v6.1.1;v6.1.2;v6.1.3;v6.1.4;v6.2.0;v6.2.1;v6.2.2;v6.2.3;v6.2.4;v6.3.0;v6.3.1;v6.3.2;v6.3.3;v6.4.0;v6.4.1;v6.4.2;v6.4.4;v6.5.0;v6.5.1;v6.5.2;v6.5.4;v6.5.5;v6.6.0;v6.6.1;v6.7.0;v6.7.1;v6.7.2;v6.8.0;v6.8.1;v6.8.13;v6.8.15;v6.8.2;v6.8.21;v6.8.22;v6.8.3;v6.8.4;v6.8.5;v6.8.6;v6.8.7;v6.8.8;v6.8.9;v7.0.0;v7.0.0-alpha1;v7.0.0-alpha2;v7.0.0-beta1;v7.0.0-rc1;v7.0.0-rc2;v7.0.1;v7.0.2;v7.1.0;v7.1.1;v7.1.2;v7.10.0;v7.10.1;v7.10.2;v7.10.3;v7.11.0;v7.11.1;v7.11.2;v7.11.3;v7.12.0;v7.12.1;v7.12.2;v7.13.0;v7.13.1;v7.13.2;v7.13.3;v7.13.5;v7.14.0;v7.14.1;v7.14.2;v7.15.0;v7.15.1;v7.15.2;v7.16.0;v7.16.1;v7.16.2;v7.16.4;v7.17.0;v7.17.1;v7.17.10;v7.17.12;v7.17.13;v7.17.14;v7.17.15;v7.17.16;v7.17.17;v7.17.18;v7.17.19;v7.17.2;v7.17.21;v7.17.22;v7.17.23;v7.17.24;v7.17.25;v7.17.26;v7.17.3;v7.17.4;v7.17.5;v7.17.6;v7.17.7;v7.17.8;v7.17.9;v7.2.0;v7.2.1;v7.2.2;v7.3.0;v7.3.1;v7.3.2;v7.3.3;v7.4.0;v7.4.1;v7.4.2;v7.4.3;v7.5.0;v7.5.1;v7.5.2;v7.5.3;v7.6.0;v7.6.1;v7.6.2;v7.6.3;v7.7.0;v7.7.1;v7.8.0;v7.8.1;v7.8.2;v7.9.0;v7.9.1;v7.9.2;v7.9.3;v8.0.0;v8.0.0-alpha1;v8.0.0-beta1;v8.0.1;v8.0.2;v8.1.0;v8.1.1;v8.1.2;v8.1.3;v8.1.4;v8.10.0;v8.10.1;v8.10.3;v8.10.4;v8.10.5;v8.11.0;v8.11.1;v8.11.2;v8.11.3;v8.11.4;v8.11.5;v8.12.0;v8.12.1;v8.12.2;v8.12.3;v8.13.0;v8.13.1;v8.13.2;v8.13.3;v8.13.4;v8.13.5;v8.14.0;v8.14.1;v8.14.2;v8.14.3;v8.14.4;v8.15.0;v8.15.1;v8.15.2;v8.15.3;v8.16.0;v8.17.0;v8.2.0;v8.2.1;v8.2.2;v8.2.3;v8.2.4;v8.3.0;v8.3.1;v8.3.2;v8.3.3;v8.3.4;v8.4.0;v8.4.1;v8.4.2;v8.4.4;v8.5.0;v8.5.1;v8.5.3;v8.5.4;v8.6.0;v8.6.1;v8.6.2;v8.6.3;v8.7.0;v8.7.1;v8.8.0;v8.8.1;v8.8.2;v8.8.3;v8.9.0;v8.9.1;v8.9.2;v9.0.0;windows;work in progress;x-pack","etl-framework;java;jruby;logging;real-time-processing;streaming"
"17636195","eclipse-openj9/openj9",false,"22188","58","48","721","Java","master","Other",,"150","3275","225","178020","2017-08-25T01:46:07","2024-10-17T02:07:03","2024-10-17T02:07:07","8207","2378","12151","248","345613","2023246","514701","[{""language"":""Fortran 77"",""blankLines"":207,""codeLines"":1184,""commentLines"":39},{""language"":""Windows Resource File"",""blankLines"":2,""codeLines"":32,""commentLines"":21},{""language"":""Windows Module Definition"",""blankLines"":3,""codeLines"":10,""commentLines"":20},{""language"":""Dockerfile"",""blankLines"":24,""codeLines"":114,""commentLines"":98},{""language"":""Expect"",""blankLines"":0,""codeLines"":25,""commentLines"":0},{""language"":""XSD"",""blankLines"":289,""codeLines"":1911,""commentLines"":250},{""language"":""Groovy"",""blankLines"":600,""codeLines"":4309,""commentLines"":1322},{""language"":""HTML"",""blankLines"":146,""codeLines"":1034,""commentLines"":17},{""language"":""PHP"",""blankLines"":76,""codeLines"":503,""commentLines"":59},{""language"":""Markdown"",""blankLines"":4643,""codeLines"":15334,""commentLines"":2376},{""language"":""DTD"",""blankLines"":14,""codeLines"":14,""commentLines"":39},{""language"":""YAML"",""blankLines"":50,""codeLines"":1317,""commentLines"":419},{""language"":""XSLT"",""blankLines"":4,""codeLines"":9,""commentLines"":23},{""language"":""Java"",""blankLines"":107465,""codeLines"":599737,""commentLines"":232003},{""language"":""CMake"",""blankLines"":1287,""codeLines"":10050,""commentLines"":4959},{""language"":""C++"",""blankLines"":78330,""codeLines"":471314,""commentLines"":95218},{""language"":""Freemarker Template"",""blankLines"":478,""codeLines"":3381,""commentLines"":135},{""language"":""Assembly"",""blankLines"":4821,""codeLines"":19179,""commentLines"":9470},{""language"":""sed"",""blankLines"":10,""codeLines"":37,""commentLines"":66},{""language"":""DOS Batch"",""blankLines"":264,""codeLines"":721,""commentLines"":1367},{""language"":""SVG"",""blankLines"":0,""codeLines"":109,""commentLines"":0},{""language"":""Cucumber"",""blankLines"":71,""codeLines"":480,""commentLines"":0},{""language"":""NetLogo"",""blankLines"":45720,""codeLines"":291367,""commentLines"":0},{""language"":""M4"",""blankLines"":2463,""codeLines"":14889,""commentLines"":988},{""language"":""C"",""blankLines"":53212,""codeLines"":262592,""commentLines"":65388},{""language"":""Python"",""blankLines"":36,""codeLines"":123,""commentLines"":63},{""language"":""Bourne Shell"",""blankLines"":349,""codeLines"":2191,""commentLines"":1748},{""language"":""Pascal"",""blankLines"":223,""codeLines"":683,""commentLines"":1337},{""language"":""Windows Message File"",""blankLines"":18,""codeLines"":21,""commentLines"":51},{""language"":""XML"",""blankLines"":6434,""codeLines"":165844,""commentLines"":11228},{""language"":""JavaScript"",""blankLines"":7,""codeLines"":43,""commentLines"":0},{""language"":""C/C++ Header"",""blankLines"":34010,""codeLines"":135786,""commentLines"":79266},{""language"":""Properties"",""blankLines"":156,""codeLines"":1176,""commentLines"":529},{""language"":""Perl"",""blankLines"":823,""codeLines"":3619,""commentLines"":807},{""language"":""make"",""blankLines"":1044,""codeLines"":3479,""commentLines"":3037},{""language"":""Ant"",""blankLines"":1540,""codeLines"":6931,""commentLines"":2358},{""language"":""Text"",""blankLines"":794,""codeLines"":3108,""commentLines"":0},{""language"":""INI"",""blankLines"":0,""codeLines"":590,""commentLines"":0}]","2024-10-17T02:07:02","b84802b7f0b9d10b285f00419ad06bf9febff6ff",true,false,false,false,"{""Java"":36757846,""C++"":30424814,""C"":16586607,""Assembly"":1049020,""M4"":642865,""CMake"":597152,""Python"":414955,""Ruby"":406967,""Groovy"":270138,""Makefile"":268931,""Perl"":148086,""Shell"":147510,""FreeMarker"":142193,""Batchfile"":96277,""HTML"":68922,""Gherkin"":24099,""Pascal"":13050,""Dockerfile"":11710,""Pawn"":10886,""NASL"":9114,""sed"":5118,""PHP"":3936,""Monkey C"":3239,""Jasmin"":1818,""XSLT"":1681}","aqa;arch:aarch32;arch:aarch64;arch:power;arch:riscv;arch:x86;arch:z;archived;backport:candidate;beta;bits:32;bits:64;blocker;bug;cmake;comp:build;comp:crypto;comp:doc;comp:fips;comp:gc;comp:infra;comp:jclextensions;comp:jit;comp:jit:aot;comp:jitserver;comp:jvmti;comp:openssl;comp:port;comp:ras;comp:test;comp:vm;criu;dependencies;depends:doc;depends:eclipsecq;depends:omr;depends:omr:breaking;depends:openjdk;depends:openjdk10;depends:openjdk11;depends:openjdk12;depends:openjdk13;depends:openjdk14;depends:openjdk15;depends:openjdk17;depends:openjdk18;depends:openjdk8;depends:openjdk9;design;discussion;doc:externals;docker;duplicate;enhancement;epic;footprint;ga;github_actions;good first issue;help wanted;hot;invalid;jdk-head;jdk10;jdk11;jdk12;jdk13;jdk14;jdk15;jdk16;jdk17;jdk18;jdk19;jdk20;jdk21;jdk22;jdk23;jdk24;jdk8;jdk9;jep;jfr;os:aix;os:linux;os:macos;os:windows;os:zos;os:ztpf;perf;perm excluded;prio:high;prio:low;prio:medium;project:loom;project:mh;project:panama;project:valhalla;question;segfault;snapshot;svtraised;tech debt;test excluded;test failure;triagerequired;userraised;wontfix","compiler;eclipse-openj9;garbage-collector;gc;hacktoberfest;interpreter;java;jit;jvm;runtime;virtual-machine"
"29045177","dataease/dataease",false,"16565","36","84","3207","Java","dev-v2","GNU General Public License v3.0","https://dataease.io/","162","17642","51","292428","2021-02-02T04:10:21","2024-10-17T08:14:21","2024-10-17T10:02:42","5106","425","7646","0","23240","387822","9937","[{""language"":""WiX source"",""blankLines"":12,""codeLines"":71,""commentLines"":0},{""language"":""Maven"",""blankLines"":106,""codeLines"":965,""commentLines"":14},{""language"":""JavaScript"",""blankLines"":62,""codeLines"":1794,""commentLines"":68},{""language"":""XML"",""blankLines"":110,""codeLines"":1588,""commentLines"":8},{""language"":""SVG"",""blankLines"":37,""codeLines"":4094,""commentLines"":3},{""language"":""Bourne Shell"",""blankLines"":67,""codeLines"":393,""commentLines"":11},{""language"":""Sass"",""blankLines"":558,""codeLines"":2593,""commentLines"":94},{""language"":""CSS"",""blankLines"":1916,""codeLines"":9946,""commentLines"":283},{""language"":""Bourne Again Shell"",""blankLines"":34,""codeLines"":388,""commentLines"":2},{""language"":""Less"",""blankLines"":99,""codeLines"":526,""commentLines"":10},{""language"":""HTML"",""blankLines"":6,""codeLines"":38,""commentLines"":0},{""language"":""SQL"",""blankLines"":294,""codeLines"":9447,""commentLines"":124},{""language"":""Dockerfile"",""blankLines"":7,""codeLines"":19,""commentLines"":0},{""language"":""Vuejs Component"",""blankLines"":8043,""codeLines"":118648,""commentLines"":1216},{""language"":""TypeScript"",""blankLines"":1884,""codeLines"":36083,""commentLines"":2514},{""language"":""JSON"",""blankLines"":0,""codeLines"":154490,""commentLines"":0},{""language"":""Java"",""blankLines"":9769,""codeLines"":45460,""commentLines"":5454},{""language"":""Properties"",""blankLines"":21,""codeLines"":194,""commentLines"":0},{""language"":""INI"",""blankLines"":2,""codeLines"":12,""commentLines"":0},{""language"":""YAML"",""blankLines"":30,""codeLines"":363,""commentLines"":44},{""language"":""Markdown"",""blankLines"":108,""codeLines"":243,""commentLines"":0},{""language"":""TOML"",""blankLines"":0,""codeLines"":11,""commentLines"":0},{""language"":""Lua"",""blankLines"":75,""codeLines"":456,""commentLines"":92}]","2024-10-17T08:14:21","39a38f68c7eff197ff7b3ff0c2400892a1909a66",false,false,false,false,"{""Java"":14370895,""Vue"":3564633,""JavaScript"":1539888,""CSS"":367796,""HTML"":117136,""SCSS"":62107,""Shell"":26439,""Lua"":22086,""Less"":11173,""Dockerfile"":901}","dependencies;java;优先级:紧急;优先级:计划;状态:已完成;状态:待反馈;状态:待处理;状态:待讨论;状态:待验证;类型:bug;类型:优化;类型:提问;类型:新功能;类型:需求;结果:无法实现;结果:无需处理","apache-doris;business-intelligence;data-analysis;data-visualization;echarts;kettle;superset;tableau"
"34610816","apache/pinot",false,"12277","13","19","1274","Java","master","Apache License 2.0","https://pinot.apache.org/","234","5439","347","313750","2014-05-19T11:27:48","2024-10-16T05:33:03","2024-10-17T06:35:27","2717","1308","11501","242","87292","877442","162498","[{""language"":""SQL"",""blankLines"":7,""codeLines"":11031,""commentLines"":0},{""language"":""Python"",""blankLines"":30,""codeLines"":77,""commentLines"":49},{""language"":""TypeScript"",""blankLines"":1342,""codeLines"":13984,""commentLines"":2347},{""language"":""Maven"",""blankLines"":619,""codeLines"":7915,""commentLines"":1442},{""language"":""Groovy"",""blankLines"":3,""codeLines"":14,""commentLines"":18},{""language"":""Bourne Shell"",""blankLines"":300,""codeLines"":1797,""commentLines"":715},{""language"":""Properties"",""blankLines"":33,""codeLines"":3866,""commentLines"":508},{""language"":""Text"",""blankLines"":522,""codeLines"":27861,""commentLines"":0},{""language"":""JavaScript"",""blankLines"":6,""codeLines"":96,""commentLines"":26},{""language"":""Pascal"",""blankLines"":1,""codeLines"":20,""commentLines"":9},{""language"":""Dockerfile"",""blankLines"":77,""codeLines"":224,""commentLines"":203},{""language"":""JSON"",""blankLines"":30,""codeLines"":108239,""commentLines"":0},{""language"":""Fortran 90"",""blankLines"":1,""codeLines"":29,""commentLines"":0},{""language"":""Java"",""blankLines"":81441,""codeLines"":540647,""commentLines"":149593},{""language"":""HTML"",""blankLines"":68,""codeLines"":270,""commentLines"":65},{""language"":""Bourne Again Shell"",""blankLines"":23,""codeLines"":173,""commentLines"":32},{""language"":""CSS"",""blankLines"":13,""codeLines"":98,""commentLines"":18},{""language"":""XML"",""blankLines"":194,""codeLines"":2250,""commentLines"":722},{""language"":""Thrift"",""blankLines"":16,""codeLines"":115,""commentLines"":95},{""language"":""CSV"",""blankLines"":14,""codeLines"":141499,""commentLines"":0},{""language"":""NAnt script"",""blankLines"":11,""codeLines"":48,""commentLines"":0},{""language"":""Protocol Buffers"",""blankLines"":85,""codeLines"":396,""commentLines"":175},{""language"":""Markdown"",""blankLines"":727,""codeLines"":2391,""commentLines"":488},{""language"":""Scala"",""blankLines"":555,""codeLines"":3183,""commentLines"":1180},{""language"":""YAML"",""blankLines"":1168,""codeLines"":11132,""commentLines"":4795},{""language"":""Freemarker Template"",""blankLines"":6,""codeLines"":87,""commentLines"":18}]","2024-10-16T05:33:01","b556b375c7fb73dfed4b790f67d00d98a6a39210",true,false,false,false,"{""Java"":32349427,""TypeScript"":597740,""Scala"":189074,""Shell"":60072,""Dockerfile"":18283,""HTML"":15705,""Smarty"":12192,""Thrift"":7381,""Python"":5349,""ANTLR"":5078,""JavaScript"":3653,""FreeMarker"":2885,""CSS"":2866,""Groovy"":1325,""NASL"":1021}","0.10.0;0.11.0;0.12.0;0.13.0;0.8.0;0.9.0;1.0.0;SQL Compliance;backward-incompat;beginner-task;breaking-change;bug;bugfix;build;cleanup;code-style;configuration;cve;dedup;dependencies;deployment;deprecation;design review;disaster_recovery;docker;documentation;duplicate;dx;enhancement;extension-point;feature;feature request;first time issue;flaky-test;geo;github_actions;hadoop;helm;help wanted;in progress;incompatible;index-spi;ingestion;integration;invalid;inverted-index;java;javascript;jdk17;kafka;kinesis;kubernetes;license;merge-rollup;metrics;minion;multi-stage;null support;observability;parent-issue;pep-request;performance;pinot-client;plugins;prometheus;python;query;question;quickstart;real-time;refactor;release-notes;rest-api;security;star-tree index;testing;thirdeye;timeseries-engine;troubleshooting;ui;upgrade-incompat;upsert;user-experience;v1v2;vector;vulnerability;wontfix","java"
"37839729","vazkiimods/botania",false,"10101","13","6","505","Java","1.20.x","Other","http://botaniamod.net/index.html","76","1272","194","114982","2014-01-13T02:30:52","2024-10-07T02:52:27","2024-10-07T02:52:31","3597","101","1153","13","22185","271881","10857","[{""language"":""Python"",""blankLines"":108,""codeLines"":791,""commentLines"":22},{""language"":""CSS"",""blankLines"":52,""codeLines"":302,""commentLines"":9},{""language"":""Groovy"",""blankLines"":9,""codeLines"":52,""commentLines"":31},{""language"":""TOML"",""blankLines"":11,""codeLines"":57,""commentLines"":0},{""language"":""Text"",""blankLines"":17,""codeLines"":96,""commentLines"":0},{""language"":""HTML"",""blankLines"":34,""codeLines"":307,""commentLines"":1},{""language"":""Ruby"",""blankLines"":3,""codeLines"":14,""commentLines"":0},{""language"":""DOS Batch"",""blankLines"":21,""codeLines"":69,""commentLines"":2},{""language"":""XML"",""blankLines"":7,""codeLines"":416,""commentLines"":1},{""language"":""JSON"",""blankLines"":3475,""codeLines"":174413,""commentLines"":0},{""language"":""Java"",""blankLines"":16414,""codeLines"":85776,""commentLines"":10611},{""language"":""GLSL"",""blankLines"":90,""codeLines"":321,""commentLines"":21},{""language"":""Gradle"",""blankLines"":90,""codeLines"":461,""commentLines"":12},{""language"":""TeX"",""blankLines"":35,""codeLines"":186,""commentLines"":0},{""language"":""Properties"",""blankLines"":5,""codeLines"":987,""commentLines"":8},{""language"":""YAML"",""blankLines"":6,""codeLines"":263,""commentLines"":3},{""language"":""Markdown"",""blankLines"":1734,""codeLines"":6857,""commentLines"":5},{""language"":""make"",""blankLines"":3,""codeLines"":12,""commentLines"":0},{""language"":""PHP"",""blankLines"":0,""codeLines"":81,""commentLines"":0},{""language"":""JavaScript"",""blankLines"":14,""codeLines"":78,""commentLines"":2},{""language"":""Bourne Shell"",""blankLines"":57,""codeLines"":342,""commentLines"":129}]","2024-10-07T02:52:27","f373f46235b948e241db9bf9cf4806f3a46e69fc",false,false,false,false,"{""Java"":4289748,""Python"":32779,""HTML"":18414,""GLSL"":11558,""PHP"":8789,""Shell"":7952,""ZenScript"":6773,""CSS"":5452,""JavaScript"":2733,""Hack"":2643,""Ruby"":1138,""mcfunction"":914,""Makefile"":350}","1.19.x;1.20.1;after-1.21-port;bug;cant-reproduce;compatibility;confirmed;dependencies;easy;enhancement;gamebreaking;has-patch;help-wanted;investigate;minor;misc-todo;needs-info;optifine;release-blocking;requires-mixinextras;uwotm8;waiting-for-info;web;wontfix","hacktoberfest;java;minecraft"
"51532578","androidx/media",false,"21305","5","33","385","Java","release","Apache License 2.0","https://developer.android.com/media/media3","45","1625","277","591450","2021-09-02T06:42:10","2024-10-15T01:09:18","2024-10-15T01:30:16","1570","550","215","28","70047","512204","133531","[{""language"":""Text"",""blankLines"":221,""codeLines"":1975,""commentLines"":0},{""language"":""DOS Batch"",""blankLines"":21,""codeLines"":66,""commentLines"":2},{""language"":""Java"",""blankLines"":65786,""codeLines"":476225,""commentLines"":126261},{""language"":""GLSL"",""blankLines"":203,""codeLines"":1086,""commentLines"":731},{""language"":""JSON"",""blankLines"":0,""codeLines"":2181,""commentLines"":0},{""language"":""Gradle"",""blankLines"":305,""codeLines"":2022,""commentLines"":788},{""language"":""XML"",""blankLines"":1831,""codeLines"":17966,""commentLines"":4214},{""language"":""Markdown"",""blankLines"":707,""codeLines"":3901,""commentLines"":0},{""language"":""Bourne Shell"",""blankLines"":54,""codeLines"":302,""commentLines"":171},{""language"":""C++"",""blankLines"":328,""codeLines"":2297,""commentLines"":334},{""language"":""Properties"",""blankLines"":0,""codeLines"":10,""commentLines"":1},{""language"":""Kotlin"",""blankLines"":481,""codeLines"":3644,""commentLines"":776},{""language"":""CMake"",""blankLines"":21,""codeLines"":59,""commentLines"":41},{""language"":""SVG"",""blankLines"":0,""codeLines"":10,""commentLines"":0},{""language"":""YAML"",""blankLines"":4,""codeLines"":128,""commentLines"":0},{""language"":""Starlark"",""blankLines"":3,""codeLines"":17,""commentLines"":2},{""language"":""C/C++ Header"",""blankLines"":47,""codeLines"":159,""commentLines"":63},{""language"":""make"",""blankLines"":32,""codeLines"":139,""commentLines"":145},{""language"":""Bazel"",""blankLines"":3,""codeLines"":17,""commentLines"":2}]","2024-08-22T03:16:35","c35a9d62baec57118ea898e271ac66819399649b",false,false,false,false,"{""Java"":25508260,""C++"":114369,""Kotlin"":93031,""GLSL"":76938,""AIDL"":29620,""Makefile"":11496,""Shell"":9457,""CMake"":3744}","bad media;bug;bug: device specific;bug: in dependency;bug: in platform;bug: in platform drm;cla: no;cla: yes;closed-by-bot;content not playing;documentation candidate;duplicate;editing;enhancement;low priority;need more info;needs triage;pending comments;preview;question;should merge;stale;wont fix: app issue;wont fix: infeasible;wont fix: intended behavior;wont fix: not reproducible;wont merge","android;exoplayer;java;media3;media3-exoplayer;media3-transformer;mediaplayer"
"69574911","datahub-project/datahub",false,"10508","89","88","2891","Java","master","Apache License 2.0","https://datahubproject.io","251","9800","419","5914614","2015-11-18T05:47:40","2024-10-17T08:52:47","2024-10-17T09:27:13","2184","155","9447","120","94691","1743049","57637","[{""language"":""make"",""blankLines"":9,""codeLines"":23,""commentLines"":8},{""language"":""reStructuredText"",""blankLines"":18,""codeLines"":20,""commentLines"":27},{""language"":""Bourne Shell"",""blankLines"":438,""codeLines"":1839,""commentLines"":536},{""language"":""JavaScript"",""blankLines"":766,""codeLines"":9201,""commentLines"":620},{""language"":""SQL"",""blankLines"":163,""codeLines"":1082,""commentLines"":80},{""language"":""Text"",""blankLines"":25,""codeLines"":106,""commentLines"":0},{""language"":""Python"",""blankLines"":30822,""codeLines"":179597,""commentLines"":23457},{""language"":""SVG"",""blankLines"":48,""codeLines"":2871,""commentLines"":6},{""language"":""INI"",""blankLines"":7,""codeLines"":43,""commentLines"":17},{""language"":""Less"",""blankLines"":25,""codeLines"":676,""commentLines"":4},{""language"":""Mustache"",""blankLines"":113,""codeLines"":1261,""commentLines"":0},{""language"":""TypeScript"",""blankLines"":9662,""codeLines"":99596,""commentLines"":3004},{""language"":""SCSS"",""blankLines"":641,""codeLines"":4759,""commentLines"":239},{""language"":""DOS Batch"",""blankLines"":42,""codeLines"":135,""commentLines"":4},{""language"":""TOML"",""blankLines"":19,""codeLines"":99,""commentLines"":12},{""language"":""JSX"",""blankLines"":140,""codeLines"":1458,""commentLines"":25},{""language"":""Properties"",""blankLines"":7,""codeLines"":133,""commentLines"":14},{""language"":""GraphQL"",""blankLines"":3459,""codeLines"":12586,""commentLines"":11650},{""language"":""Gradle"",""blankLines"":952,""codeLines"":5395,""commentLines"":331},{""language"":""Scala"",""blankLines"":9,""codeLines"":37,""commentLines"":12},{""language"":""XML"",""blankLines"":50,""codeLines"":1420,""commentLines"":70},{""language"":""Markdown"",""blankLines"":13239,""codeLines"":40294,""commentLines"":237},{""language"":""Protocol Buffers"",""blankLines"":171,""codeLines"":506,""commentLines"":186},{""language"":""YAML"",""blankLines"":631,""codeLines"":16375,""commentLines"":1134},{""language"":""Sass"",""blankLines"":170,""codeLines"":1817,""commentLines"":18},{""language"":""Bourne Again Shell"",""blankLines"":15,""codeLines"":73,""commentLines"":1},{""language"":""CSS"",""blankLines"":25,""codeLines"":139,""commentLines"":6},{""language"":""HTML"",""blankLines"":7,""codeLines"":79,""commentLines"":19},{""language"":""JSON"",""blankLines"":9,""codeLines"":1117084,""commentLines"":0},{""language"":""Dockerfile"",""blankLines"":227,""codeLines"":518,""commentLines"":87},{""language"":""Java"",""blankLines"":32781,""codeLines"":243294,""commentLines"":15833},{""language"":""CSV"",""blankLines"":1,""codeLines"":533,""commentLines"":0}]","2024-10-17T03:47:48","8b42ac8cdebef89f8aff0ac030c72db9c54aad3d",false,false,false,false,"{""Java"":11604554,""Python"":8529218,""TypeScript"":3913235,""JavaScript"":415050,""SCSS"":126684,""Shell"":78732,""Mustache"":70180,""Dockerfile"":34672,""LookML"":24477,""Less"":21221,""Haskell"":18221,""Nix"":10881,""HTML"":3390,""PLpgSQL"":3359,""CSS"":3120,""TSQL"":2324,""Scala"":2310,""Makefile"":1222}","abandoned;accepted;airflow;bug;community-contribution;datahub-community-champion;dependencies;devops;docs;docs-refresh;feature-request;gold-star;good-first-issue;hacktoberfest;hacktoberfest-accepted;help-wanted;high-priority;ingestion;javascript;merge-pending-ci;modeling;on-deck;pending-internal-resolution;pending-submitter-response;performance;platform;poc-marathon-dec-2023;product;publish-docker;python;question;release-0.11.0;release-0.12.0;release-0.13.0;release-0.13.1;release-0.14.0;release-notes;rfc;sdk;smoke_test;stale;ui;v0.10.2;wip","data-catalog;data-discovery;datahub;hacktoberfest;linkedin;metadata"
"69574942","camunda/zeebe",false,"38134","309","270","549","Java","main",,"https://zeebe.io","107","3046","139","274634","2016-03-20T03:38:04","2024-05-18T07:20:52","2024-05-18T01:58:49","6764","743","11828","59","189196","1266584","241935","[{""language"":""C/C++ Header"",""blankLines"":7,""codeLines"":51,""commentLines"":0},{""language"":""Properties"",""blankLines"":16,""codeLines"":100,""commentLines"":74},{""language"":""make"",""blankLines"":182,""codeLines"":692,""commentLines"":71},{""language"":""Bourne Shell"",""blankLines"":351,""codeLines"":1664,""commentLines"":684},{""language"":""JavaScript"",""blankLines"":139,""codeLines"":590,""commentLines"":163},{""language"":""Maven"",""blankLines"":2894,""codeLines"":16839,""commentLines"":603},{""language"":""Text"",""blankLines"":98,""codeLines"":888,""commentLines"":0},{""language"":""INI"",""blankLines"":5,""codeLines"":22,""commentLines"":0},{""language"":""SVG"",""blankLines"":0,""codeLines"":742,""commentLines"":0},{""language"":""Go"",""blankLines"":57636,""codeLines"":456848,""commentLines"":113743},{""language"":""TypeScript"",""blankLines"":15754,""codeLines"":107430,""commentLines"":8505},{""language"":""SCSS"",""blankLines"":260,""codeLines"":1187,""commentLines"":297},{""language"":""DOS Batch"",""blankLines"":36,""codeLines"":169,""commentLines"":0},{""language"":""TOML"",""blankLines"":3,""codeLines"":11,""commentLines"":1},{""language"":""Protocol Buffers"",""blankLines"":172,""codeLines"":553,""commentLines"":501},{""language"":""YAML"",""blankLines"":1105,""codeLines"":23458,""commentLines"":1222},{""language"":""Assembly"",""blankLines"":2682,""codeLines"":12019,""commentLines"":1353},{""language"":""GraphQL"",""blankLines"":17,""codeLines"":254,""commentLines"":74},{""language"":""Scala"",""blankLines"":73,""codeLines"":289,""commentLines"":43},{""language"":""PlantUML"",""blankLines"":24,""codeLines"":108,""commentLines"":0},{""language"":""XML"",""blankLines"":321,""codeLines"":34219,""commentLines"":144},{""language"":""Markdown"",""blankLines"":4529,""codeLines"":14022,""commentLines"":159},{""language"":""C"",""blankLines"":41,""codeLines"":185,""commentLines"":14},{""language"":""CSS"",""blankLines"":10,""codeLines"":50,""commentLines"":6},{""language"":""Bourne Again Shell"",""blankLines"":13,""codeLines"":78,""commentLines"":6},{""language"":""HTML"",""blankLines"":9,""codeLines"":161,""commentLines"":19},{""language"":""JSON"",""blankLines"":1,""codeLines"":49926,""commentLines"":0},{""language"":""Dockerfile"",""blankLines"":56,""codeLines"":196,""commentLines"":81},{""language"":""XSD"",""blankLines"":177,""codeLines"":1651,""commentLines"":0},{""language"":""Java"",""blankLines"":102585,""codeLines"":542182,""commentLines"":114172}]","2024-05-18T01:31:38","4dc842c39bc0211a3fa8838f76f42381e27a8b83",true,false,false,false,"{""Java"":27657315,""TypeScript"":4058923,""Go"":475723,""SCSS"":39524,""JavaScript"":25970,""Shell"":25342,""Makefile"":14862,""Scala"":14496,""Dockerfile"":13329,""HTML"":5975,""Groovy"":3116,""CSS"":1378,""Smarty"":351}","area/bpmn-support;area/build;area/maintainability;area/observability;area/performance;area/project;area/reliability;area/resilience;area/security;area/test;area/ux;automerge;backport main;backport stable/8.2;backport stable/8.3;backport stable/8.4;backport stable/8.5;backport stable/operate-8.5;benchmark;blocker/info;blocker/stakeholder;breaking change;chaos-day;component/backend;component/backup;component/broker;component/build-pipeline;component/c8-api;component/clients;component/db;component/engine;component/exporter;component/frontend;component/gateway;component/gossip;component/identity;component/journal;component/monitor;component/operate;component/partition-transitions;component/protocol;component/raft;component/scheduler;component/snapshot;component/state;component/stream-platform;component/tasklist;component/transport;component/zeebe;dependencies;gameday;go;good first issue;hacktoberfest;hacktoberfest-accepted;hold/do-not-merge;impact/high;impact/low;impact/medium;incident;invalid;java;javascript;kind/bug;kind/documentation;kind/epic;kind/feature;kind/flake;kind/proposal;kind/question;kind/research;kind/task;kind/toil;likelihood/high;likelihood/low;likelihood/mid;likelihood/unknown;onboarding;planning/discuss;pm-eye;regression;scope/broker;scope/clients-go;scope/clients-java;scope/clients-spring;scope/gateway;scope/spring-boot-starter-camunda;scope/zbctl;severity/critical;severity/high;severity/low;severity/mid;stale;support;target:8.2;target:8.3;target:8.3.8;target:8.4;target:8.5;target:8.5-alpha1;target:8.5-alpha2;target:8.6;target:8.7;tech-debt;version:0.1.0;version:0.1.1;version:1.2.12;version:1.3.0;version:1.3.1;version:1.3.10;version:1.3.11;version:1.3.12;version:1.3.13;version:1.3.14;version:1.3.2;version:1.3.3;version:1.3.4;version:1.3.5;version:1.3.6;version:1.3.7;version:1.3.8;version:1.3.9;version:8.1.0;version:8.1.0-alpha1;version:8.1.0-alpha2;version:8.1.0-alpha3;version:8.1.0-alpha4;version:8.1.0-alpha5;version:8.1.1;version:8.1.10;version:8.1.11;version:8.1.12;version:8.1.13;version:8.1.14;version:8.1.15;version:8.1.16;version:8.1.17;version:8.1.18;version:8.1.19;version:8.1.2;version:8.1.20;version:8.1.21;version:8.1.22;version:8.1.23;version:8.1.24;version:8.1.25;version:8.1.26;version:8.1.27;version:8.1.3;version:8.1.4;version:8.1.5;version:8.1.6;version:8.1.7;version:8.1.8;version:8.1.9;version:8.2.0;version:8.2.0-alpha1;version:8.2.0-alpha2;version:8.2.0-alpha3;version:8.2.0-alpha4;version:8.2.0-alpha5;version:8.2.0-rc1;version:8.2.1;version:8.2.10;version:8.2.11;version:8.2.12;version:8.2.13;version:8.2.14;version:8.2.15;version:8.2.16;version:8.2.17;version:8.2.18;version:8.2.19;version:8.2.2;version:8.2.20;version:8.2.21;version:8.2.22;version:8.2.23;version:8.2.24;version:8.2.25;version:8.2.26;version:8.2.27;version:8.2.28;version:8.2.3;version:8.2.4;version:8.2.5;version:8.2.6;version:8.2.7;version:8.2.8;version:8.2.9;version:8.3.0;version:8.3.0-alpha1;version:8.3.0-alpha2;version:8.3.0-alpha2.2;version:8.3.0-alpha3;version:8.3.0-alpha4;version:8.3.0-alpha5;version:8.3.0-alpha6;version:8.3.1;version:8.3.10;version:8.3.11;version:8.3.12;version:8.3.2;version:8.3.3;version:8.3.4;version:8.3.5;version:8.3.6;version:8.3.7;version:8.3.8;version:8.3.9;version:8.4.0;version:8.4.0-alpha1;version:8.4.0-alpha2;version:8.4.1;version:8.4.2;version:8.4.3;version:8.4.4;version:8.4.5;version:8.4.6;version:8.4.7;version:8.4.8;version:8.5-alpha2;version:8.5.0;version:8.5.0-alpha1;version:8.5.0-alpha2;version:8.5.1;version:8.5.2;version:8.6.0-alpha1","bpmn;golang;grpc;hacktoberfest;java;microservices;orchestration-framework;workflow;workflow-engine"
"70609544","apache/doris",false,"22412","114","58","3237","Java","master","Apache License 2.0","https://doris.apache.org","285","12477","393","956825","2017-08-10T12:13:30","2024-10-15T04:22:37","2024-10-15T05:01:31","7211","2340","33241","472","293936","2493680","434343","[{""language"":""TOML"",""blankLines"":3,""codeLines"":13,""commentLines"":17},{""language"":""SVG"",""blankLines"":0,""codeLines"":27,""commentLines"":1},{""language"":""XML"",""blankLines"":104,""codeLines"":1302,""commentLines"":512},{""language"":""Mustache"",""blankLines"":12,""codeLines"":76,""commentLines"":48},{""language"":""Go"",""blankLines"":166,""codeLines"":991,""commentLines"":261},{""language"":""TypeScript"",""blankLines"":236,""codeLines"":2974,""commentLines"":1034},{""language"":""Less"",""blankLines"":70,""codeLines"":478,""commentLines"":228},{""language"":""SQL"",""blankLines"":1814,""codeLines"":68777,""commentLines"":23297},{""language"":""Python"",""blankLines"":12459,""codeLines"":80041,""commentLines"":30611},{""language"":""C"",""blankLines"":469,""codeLines"":3952,""commentLines"":1067},{""language"":""C/C++ Header"",""blankLines"":36978,""codeLines"":158621,""commentLines"":44103},{""language"":""Ruby"",""blankLines"":79,""codeLines"":300,""commentLines"":88},{""language"":""make"",""blankLines"":53,""codeLines"":127,""commentLines"":114},{""language"":""R"",""blankLines"":0,""codeLines"":1149,""commentLines"":0},{""language"":""JavaScript"",""blankLines"":37,""codeLines"":494,""commentLines"":259},{""language"":""Yacc"",""blankLines"":22,""codeLines"":115,""commentLines"":28},{""language"":""INI"",""blankLines"":20,""codeLines"":170,""commentLines"":0},{""language"":""Properties"",""blankLines"":131,""codeLines"":851,""commentLines"":686},{""language"":""ANTLR Grammar"",""blankLines"":584,""codeLines"":4137,""commentLines"":365},{""language"":""Text"",""blankLines"":4627,""codeLines"":158804,""commentLines"":0},{""language"":""Lex"",""blankLines"":14,""codeLines"":39,""commentLines"":19},{""language"":""Groovy"",""blankLines"":70551,""codeLines"":553228,""commentLines"":116654},{""language"":""Thrift"",""blankLines"":1526,""codeLines"":7412,""commentLines"":2338},{""language"":""Rust"",""blankLines"":8,""codeLines"":39,""commentLines"":16},{""language"":""Perl"",""blankLines"":741,""codeLines"":5489,""commentLines"":1230},{""language"":""Bourne Again Shell"",""blankLines"":73,""codeLines"":270,""commentLines"":367},{""language"":""Bourne Shell"",""blankLines"":3190,""codeLines"":19080,""commentLines"":4561},{""language"":""Diff"",""blankLines"":228,""codeLines"":2429,""commentLines"":1205},{""language"":""CSS"",""blankLines"":25,""codeLines"":110,""commentLines"":87},{""language"":""Maven"",""blankLines"":226,""codeLines"":7254,""commentLines"":1050},{""language"":""HTML"",""blankLines"":4,""codeLines"":28,""commentLines"":35},{""language"":""CMake"",""blankLines"":471,""codeLines"":1871,""commentLines"":694},{""language"":""Java"",""blankLines"":110396,""codeLines"":696373,""commentLines"":157870},{""language"":""Protocol Buffers"",""blankLines"":510,""codeLines"":3141,""commentLines"":520},{""language"":""YAML"",""blankLines"":337,""codeLines"":2769,""commentLines"":1015},{""language"":""Markdown"",""blankLines"":1154,""codeLines"":3236,""commentLines"":803},{""language"":""JSON"",""blankLines"":27,""codeLines"":18135,""commentLines"":0},{""language"":""Dockerfile"",""blankLines"":141,""codeLines"":370,""commentLines"":268},{""language"":""PHP"",""blankLines"":13,""codeLines"":78,""commentLines"":8},{""language"":""Assembly"",""blankLines"":1,""codeLines"":69,""commentLines"":2},{""language"":""Scala"",""blankLines"":144,""codeLines"":808,""commentLines"":341},{""language"":""C++"",""blankLines"":46277,""codeLines"":340979,""commentLines"":42541},{""language"":""CSV"",""blankLines"":15,""codeLines"":347074,""commentLines"":0}]","2024-10-15T04:22:36","0d5830c6f17d2f8a563c310e92560750030152cc",true,false,false,false,"{""Java"":40092039,""Groovy"":32382626,""C++"":26371157,""Python"":5169533,""Shell"":905995,""C"":383412,""Thrift"":356316,""Perl"":235421,""HiveQL"":204464,""ANTLR"":155779,""TypeScript"":152116,""CMake"":106083,""Scala"":57353,""Smarty"":53111,""Lex"":50149,""Go"":32867,""Less"":22388,""Dockerfile"":22284,""JavaScript"":21641,""Ruby"":15925,""PLpgSQL"":11583,""R"":8217,""Makefile"":7849,""CSS"":5606,""Mustache"":4947,""Yacc"":4159,""HTML"":2265,""Assembly"":1647}","2.1.0-conflict;affects-0.15;affects-1.0;affects-1.1;affects-1.2;api-review;approved;area/aarch64;area/alter;area/array-type;area/backup;area/balance;area/basic component;area/bdbje;area/be-config;area/be/frontpage;area/bitmap-index;area/blog;area/bloom-filter-index;area/broker;area/broker-load;area/brpc;area/catalog;area/colocated;area/compact;area/compiler;area/compute-node;area/config;area/cte;area/datax;area/dbt;area/delete;area/dependency;area/docker;area/doris-on-es;area/dynamic-partition;area/easy-to-use;area/editlog-replay;area/error-code;area/example;area/export;area/extension/hive;area/extension/pulsar;area/fe-config;area/fe-http-server;area/fe/frontpage;area/flink-connector;area/github-action;area/httpv2;area/hudi;area/iceberg;area/insert;area/lateral-view;area/ldap;area/llvm;area/load;area/logstash;area/manager;area/materialized-view;area/memory-consumption;area/metadata;area/metrics;area/multi-catalog;area/multi-table-materialized-view;area/mysql-binlog;area/mysql-compatibility;area/nereids;area/odbc;area/optimizer;area/outfile;area/pipeline;area/planner;area/plugin;area/proc;area/profile;area/remote-storage;area/resource-tag;area/routine load;area/rpc;area/runtime-filter;area/s3;area/samples;area/schema-change;area/script;area/show stmt;area/spark-connector;area/spark-load;area/sql;area/sql-block-list;area/sql/cache;area/sql/compatibility;area/sql/execution;area/sql/function;area/statement;area/statistics;area/storage;area/storage/in-memory;area/stream-load;area/table-valued-function;area/tablet-repair;area/tablet-report;area/tablet-scheduler;area/toolchain;area/tools;area/tracing;area/udf;area/update;area/util;area/vectorization;area/view;area/website;branch-0.13;branch-0.14;bug/asan;bug/editlog;bug/sqlsmith;c++;cir;comments;compaction;data inconsistent;dependencies;dev/1.0.0-deprecated;dev/1.0.1-deprecated;dev/1.1.1;dev/1.1.2;dev/1.1.3-deprecated;dev/1.1.4-deprecated;dev/1.1.5;dev/1.1.5-merged;dev/1.1.6;dev/1.1.6-merged;dev/1.2.1;dev/1.2.1-merged;dev/1.2.10;dev/1.2.2;dev/1.2.2-merged;dev/1.2.3;dev/1.2.3-merged;dev/1.2.4;dev/1.2.4-merged;dev/1.2.5;dev/1.2.5-merged;dev/1.2.6;dev/1.2.6-merged;dev/1.2.7;dev/1.2.7-merged;dev/1.2.8;dev/1.2.8-merged;dev/1.2.9;dev/1.2.9-merged;dev/2.0-beta;dev/2.0-beta-merged;dev/2.0.0;dev/2.0.0-alpha1;dev/2.0.0-alpha1-merged;dev/2.0.0-merged;dev/2.0.1;dev/2.0.1-merged;dev/2.0.10-merged;dev/2.0.11-merged;dev/2.0.12-merged;dev/2.0.13-merged;dev/2.0.14-merged;dev/2.0.15-merged;dev/2.0.16-merged;dev/2.0.2;dev/2.0.2-merged;dev/2.0.3;dev/2.0.3-merged;dev/2.0.3.1;dev/2.0.4;dev/2.0.4-merged;dev/2.0.5;dev/2.0.5-merged;dev/2.0.6-merged;dev/2.0.7-merged;dev/2.0.8-merged;dev/2.0.9-merged;dev/2.0.x;dev/2.1.0;dev/2.1.0-merged;dev/2.1.1;dev/2.1.1-merged;dev/2.1.2-merged;dev/2.1.3-merged;dev/2.1.4-merged;dev/2.1.5-merged;dev/2.1.6-merged;dev/2.1.7-merged;dev/2.1.x;dev/2.1.x-experimental;dev/3.0.0-merged;dev/3.0.1-merged;dev/3.0.2-merged;dev/3.0.3-merged;dev/3.0.x;dev/3.0.x-conflict;dev/backlog;dev/branch-1.2-merged;dev/merge-1.1.1;dev/merge-1.1.2;dev/merged-1.0.0-deprecated;dev/merged-1.0.1-deprecated;dev/merged-1.1.3-deprecated;dev/merged-1.1.4;diffculty/hard;difficulty/easy;difficulty/medium;discuss;disscuss needed;doc-1.1.x;doc-1.2.x;doing;doris-future;duplicate;errorcode;github_actions;go;good first issue;help wanted;high-priority-column;invalid;investigation needed;java;javascript;k8s;kind/affects-origin-planner;kind/api-change;kind/arm64;kind/backport;kind/behavior-changed;kind/bi;kind/check-failed;kind/chore;kind/cleanup;kind/community;kind/datasource;kind/design;kind/docs;kind/feature;kind/feature-wip;kind/fix;kind/improvement;kind/license;kind/meta-version-change;kind/need-document;kind/need-regression-test;kind/performance;kind/refactor;kind/revert;kind/skip-p0;kind/stability;kind/test;kind/troubleshooting;kind/typo;lfs-detected!;map-type;maybe-later;memory leak;merge_conflict;meta-change;need more test;need-back;need-cherry-pick;need_more_review;not-merge/2.0;not-merge/2.1;not-merge/3.0;only-4.0;p0_b;p0_c;p0_l;p0_w;p1_load_exception;p1_query_exception;pick_pipelinex;pickvar;pipeline;profilev2;proposal;python;question;release notes;release notes 2.1.1;resource-limit;reviewed;schemahash;secbounty;security;sqlancer;stale;storage_change;struct-type;synced-website;uniqueid;usercase;utility;variant;vulnerability;waiting-sync;weekly;wontfix;workload-group;workload-schedule","bigquery;database;dbt;delta-lake;elt;etl;hadoop;hive;hudi;iceberg;lakehouse;olap;query-engine;real-time;redshift;snowflake;spark;sql"
"84807203","hyphanet/fred",false,"31828","175","59","207","Java","next","GNU General Public License v2.0","https://www.hyphanet.org/","95","1014","80","60760","2009-04-25T01:00:27","2024-09-22T11:52:05","2024-09-22T02:44:14","0","0","971","52","38941","271305","79456","[{""language"":""DOS Batch"",""blankLines"":21,""codeLines"":69,""commentLines"":2},{""language"":""SQL"",""blankLines"":0,""codeLines"":7705,""commentLines"":0},{""language"":""XHTML"",""blankLines"":3,""codeLines"":17,""commentLines"":0},{""language"":""Gradle"",""blankLines"":34,""codeLines"":181,""commentLines"":79},{""language"":""HTML"",""blankLines"":3733,""codeLines"":595,""commentLines"":35603},{""language"":""CSS"",""blankLines"":1638,""codeLines"":5688,""commentLines"":949},{""language"":""XML"",""blankLines"":67,""codeLines"":811,""commentLines"":62},{""language"":""JavaScript"",""blankLines"":92,""codeLines"":959,""commentLines"":75},{""language"":""Bourne Shell"",""blankLines"":163,""codeLines"":397,""commentLines"":406},{""language"":""YAML"",""blankLines"":17,""codeLines"":106,""commentLines"":3},{""language"":""Markdown"",""blankLines"":240,""codeLines"":795,""commentLines"":0},{""language"":""make"",""blankLines"":15,""codeLines"":39,""commentLines"":2},{""language"":""Ant"",""blankLines"":7,""codeLines"":40,""commentLines"":4},{""language"":""Java"",""blankLines"":32159,""codeLines"":203954,""commentLines"":42230},{""language"":""INI"",""blankLines"":0,""codeLines"":14,""commentLines"":0},{""language"":""Properties"",""blankLines"":21,""codeLines"":31154,""commentLines"":41},{""language"":""Text"",""blankLines"":731,""codeLines"":18781,""commentLines"":0}]","2024-09-22T11:51:36","523d84b9b014f7781992d9152951585e78df12be",false,false,false,false,"{""Java"":10029707,""HTML"":1249513,""CSS"":140214,""JavaScript"":37308,""Shell"":8006,""Gnuplot"":734}","ENOTEST;afternextrelease;bugfix;feature;forreviewdontmerge;mergeafterresolvingconflicts;readytobemerged;security",""
"86523050","dragonwell-project/dragonwell8",false,"91288","24","34","494","Java","master","GNU General Public License v2.0","http://dragonwell-jdk.io","145","4184","88","1045386","2019-03-07T02:57:45","2024-09-09T07:47:35","2024-09-10T01:47:07","473","139","205","6","1047812","6093304","2970929","[{""language"":""sed"",""blankLines"":0,""codeLines"":172,""commentLines"":0},{""language"":""Markdown"",""blankLines"":313,""codeLines"":927,""commentLines"":0},{""language"":""C Shell"",""blankLines"":0,""codeLines"":6,""commentLines"":71},{""language"":""Assembly"",""blankLines"":182,""codeLines"":3215,""commentLines"":670},{""language"":""DTD"",""blankLines"":718,""codeLines"":2380,""commentLines"":312},{""language"":""C++"",""blankLines"":109123,""codeLines"":584586,""commentLines"":155987},{""language"":""Java"",""blankLines"":742774,""codeLines"":3884694,""commentLines"":2470921},{""language"":""M4"",""blankLines"":884,""codeLines"":7928,""commentLines"":97},{""language"":""SparForte"",""blankLines"":1,""codeLines"":4,""commentLines"":0},{""language"":""XML"",""blankLines"":2798,""codeLines"":490375,""commentLines"":4347},{""language"":""HTML"",""blankLines"":6120,""codeLines"":35419,""commentLines"":13488},{""language"":""Text"",""blankLines"":5929,""codeLines"":110524,""commentLines"":0},{""language"":""CSS"",""blankLines"":73,""codeLines"":715,""commentLines"":57},{""language"":""DOS Batch"",""blankLines"":178,""codeLines"":432,""commentLines"":1032},{""language"":""SQL"",""blankLines"":0,""codeLines"":773,""commentLines"":0},{""language"":""IDL"",""blankLines"":1214,""codeLines"":8459,""commentLines"":0},{""language"":""Web Services Description"",""blankLines"":31,""codeLines"":168,""commentLines"":54},{""language"":""Perl"",""blankLines"":90,""codeLines"":371,""commentLines"":153},{""language"":""make"",""blankLines"":903,""codeLines"":3760,""commentLines"":1952},{""language"":""C/C++ Header"",""blankLines"":59529,""codeLines"":255831,""commentLines"":113823},{""language"":""Korn Shell"",""blankLines"":68,""codeLines"":228,""commentLines"":145},{""language"":""JavaScript"",""blankLines"":8596,""codeLines"":134523,""commentLines"":42759},{""language"":""Ant"",""blankLines"":993,""codeLines"":4052,""commentLines"":1378},{""language"":""Bourne Shell"",""blankLines"":14204,""codeLines"":68640,""commentLines"":27885},{""language"":""D"",""blankLines"":164,""codeLines"":1685,""commentLines"":248},{""language"":""SKILL"",""blankLines"":125,""codeLines"":3590,""commentLines"":0},{""language"":""Haskell"",""blankLines"":35,""codeLines"":195,""commentLines"":45},{""language"":""JSP"",""blankLines"":6,""codeLines"":24,""commentLines"":0},{""language"":""Windows Message File"",""blankLines"":4,""codeLines"":905,""commentLines"":48},{""language"":""Lex"",""blankLines"":31,""codeLines"":187,""commentLines"":42},{""language"":""Properties"",""blankLines"":13510,""codeLines"":69782,""commentLines"":42368},{""language"":""ReScript"",""blankLines"":0,""codeLines"":290,""commentLines"":0},{""language"":""Ruby"",""blankLines"":16,""codeLines"":46,""commentLines"":53},{""language"":""Bourne Again Shell"",""blankLines"":137,""codeLines"":1246,""commentLines"":211},{""language"":""Objective-C"",""blankLines"":5814,""codeLines"":22905,""commentLines"":6620},{""language"":""Windows Resource File"",""blankLines"":27,""codeLines"":161,""commentLines"":133},{""language"":""Windows Module Definition"",""blankLines"":0,""codeLines"":0,""commentLines"":7},{""language"":""C"",""blankLines"":71521,""codeLines"":373861,""commentLines"":84716},{""language"":""XSD"",""blankLines"":243,""codeLines"":2580,""commentLines"":294},{""language"":""Awk"",""blankLines"":107,""codeLines"":351,""commentLines"":168},{""language"":""C#"",""blankLines"":29,""codeLines"":72,""commentLines"":76},{""language"":""DTrace"",""blankLines"":358,""codeLines"":1774,""commentLines"":62},{""language"":""XSLT"",""blankLines"":901,""codeLines"":15058,""commentLines"":361},{""language"":""YAML"",""blankLines"":54,""codeLines"":393,""commentLines"":312},{""language"":""PHP"",""blankLines"":9,""codeLines"":17,""commentLines"":34}]","2024-09-06T06:35:32","6b6e5240f8e3be4a1f9389bf56739e6ecd627bd0",true,false,false,false,"{""Java"":270940264,""C++"":42153896,""C"":23572958,""JavaScript"":4352907,""Roff"":4085175,""Shell"":3801212,""HTML"":2575449,""Objective-C"":1385748,""Makefile"":897442,""XSLT"":699004,""M4"":335211,""DTrace"":155778,""Python"":153745,""Assembly"":130985,""Batchfile"":64150,""Monkey C"":46287,""TypeScript"":43337,""Noir"":38888,""Awk"":20311,""CSS"":18063,""Perl"":14088,""Lex"":13233,""Haskell"":11378,""C#"":7619,""Ruby"":4432,""HLSL"":3395,""ReScript"":3232,""sed"":3106,""Raku"":2253,""MATLAB"":1730,""SourcePawn"":78}","8.20.21;bug;dependencies;duplicate;enhancement;good first issue;help wanted;invalid;nightly;notification;p1;p2;p3;p4;question;release;wontfix;功能;性能;稳定性","dragonwell8;java;java8;jdk;lts;openjdk"
"94537018","StarRocks/starrocks",false,"18673","341","119","1762","Java","main","Apache License 2.0","https://starrocks.io","212","8785","395","425031","2021-09-04T02:29:35","2024-10-15T01:24:24","2024-10-15T06:00:34","7703","547","44082","583","330278","1827700","275636","[{""language"":""Bourne Shell"",""blankLines"":883,""codeLines"":4753,""commentLines"":1212},{""language"":""JavaScript"",""blankLines"":4118,""codeLines"":21014,""commentLines"":9018},{""language"":""CSV"",""blankLines"":3,""codeLines"":4741,""commentLines"":0},{""language"":""Properties"",""blankLines"":10,""codeLines"":130,""commentLines"":82},{""language"":""Maven"",""blankLines"":621,""codeLines"":4826,""commentLines"":474},{""language"":""CSS"",""blankLines"":29,""codeLines"":7581,""commentLines"":62},{""language"":""HTML"",""blankLines"":4,""codeLines"":382,""commentLines"":19},{""language"":""Thrift"",""blankLines"":1491,""codeLines"":5698,""commentLines"":2472},{""language"":""Mustache"",""blankLines"":3,""codeLines"":9,""commentLines"":16},{""language"":""SQL"",""blankLines"":2931,""codeLines"":46190,""commentLines"":523},{""language"":""ANTLR Grammar"",""blankLines"":576,""codeLines"":2736,""commentLines"":128},{""language"":""SVG"",""blankLines"":0,""codeLines"":294,""commentLines"":0},{""language"":""TOML"",""blankLines"":46,""codeLines"":132,""commentLines"":52},{""language"":""Lex"",""blankLines"":14,""codeLines"":39,""commentLines"":19},{""language"":""C/C++ Header"",""blankLines"":40769,""codeLines"":150472,""commentLines"":60888},{""language"":""make"",""blankLines"":32,""codeLines"":60,""commentLines"":113},{""language"":""Text"",""blankLines"":5089,""codeLines"":123245,""commentLines"":0},{""language"":""Yacc"",""blankLines"":22,""codeLines"":114,""commentLines"":28},{""language"":""XML"",""blankLines"":107,""codeLines"":842,""commentLines"":139},{""language"":""Markdown"",""blankLines"":70656,""codeLines"":188816,""commentLines"":9693},{""language"":""C"",""blankLines"":2141,""codeLines"":7396,""commentLines"":2944},{""language"":""Gradle"",""blankLines"":4,""codeLines"":20,""commentLines"":0},{""language"":""Python"",""blankLines"":1608,""codeLines"":6776,""commentLines"":2047},{""language"":""Diff"",""blankLines"":331,""codeLines"":2897,""commentLines"":1608},{""language"":""JSON"",""blankLines"":68,""codeLines"":27220,""commentLines"":0},{""language"":""Dockerfile"",""blankLines"":143,""codeLines"":383,""commentLines"":165},{""language"":""Java"",""blankLines"":120871,""codeLines"":738730,""commentLines"":124021},{""language"":""CMake"",""blankLines"":591,""codeLines"":4087,""commentLines"":886},{""language"":""C++"",""blankLines"":76184,""codeLines"":470867,""commentLines"":57885},{""language"":""YAML"",""blankLines"":454,""codeLines"":4939,""commentLines"":26},{""language"":""Protocol Buffers"",""blankLines"":479,""codeLines"":2311,""commentLines"":1116}]","2024-10-15T08:10:59","d69a058f985441a3c1be7dc8be0efe31f7f3bf08",false,false,false,false,"{""Java"":42600089,""C++"":34460926,""Python"":437295,""C"":341165,""Thrift"":301162,""CMake"":189435,""Shell"":136676,""ANTLR"":92531,""Dockerfile"":29564,""HTML"":26561,""JavaScript"":10136,""Makefile"":7808,""CSS"":6187,""Yacc"":4182,""Lex"":1752,""Mustache"":959}","2.1.14;2.2;2.2.8;2.3;2.4;2.5;2.5-merged;3;3.0;3.0-merged;3.1;3.1-merged;3.2;3.2-merged;3.3;3.3-merged;3.3.2;approved;automerge;backport_ok;backup&restore;be-build;behavior_changed;bug;bug.by_bugfix;conflicts;daily;dependencies;doc-feedback;documentation;duplicate;duplicated;ecosystem;external/es;external/hive;fault injection;feature;geek camp 2022 task;geek camp 2022/feature;good first issue;help wanted;ignore:fe-ut;invalid;jni;main;memory;meta-review;metadata;mv_rewrite_fail;needs-cherry-pick-1.19;no-issue-activity;proto-review;resourceisolation;review required;sig/cloud;sig/dla;sig/etl;sig/function;sig/loading;sig/materialized view;sig/observability;sig/optimizer;sig/pipeline;sig/storage;sqlancer;sqlsmith;stability;title needs [type];translation;type/bug;type/build;type/cleanup;type/documentation;type/enhancement;type/feature-request;type/question;version:.0;version:2.5.18;version:2.5.19;version:2.5.20;version:2.5.21;version:2.5.22;version:2.5.23;version:3.0.10;version:3.0.9;version:3.1.10;version:3.1.11;version:3.1.12;version:3.1.13;version:3.1.14;version:3.1.15;version:3.1.16;version:3.1.7;version:3.1.8;version:3.1.9;version:3.2.10;version:3.2.11;version:3.2.12;version:3.2.2;version:3.2.3;version:3.2.4;version:3.2.5;version:3.2.6;version:3.2.7;version:3.2.8;version:3.2.9;version:3.3.0;version:3.3.1;version:3.3.2;version:3.3.3;version:3.3.4;version:3.3.5;version:3.4;wontfix;x-stale","analytics;big-data;cloudnative;database;datalake;delta-lake;distributed-database;hudi;iceberg;join;lakehouse;lakehouse-platform;mpp;olap;real-time-analytics;real-time-updates;realtime-database;sql;star-schema;vectorized"
"94602012","yuliskov/SmartTube",false,"10578","1","537","1059","Java","master","Other","https://www.patreon.com/smarttube","180","19107","105","92120","2020-07-28T12:53:52","2024-10-17T01:27:15","2024-10-17T07:48:12","2630","2126","1298","0","45481","302982","91952","[{""language"":""Bourne Shell"",""blankLines"":23,""codeLines"":90,""commentLines"":48},{""language"":""XML"",""blankLines"":1847,""codeLines"":41511,""commentLines"":4398},{""language"":""Gradle"",""blankLines"":318,""codeLines"":1509,""commentLines"":626},{""language"":""make"",""blankLines"":37,""codeLines"":159,""commentLines"":160},{""language"":""YAML"",""blankLines"":11,""codeLines"":123,""commentLines"":1},{""language"":""C/C++ Header"",""blankLines"":43,""codeLines"":151,""commentLines"":45},{""language"":""Markdown"",""blankLines"":780,""codeLines"":3321,""commentLines"":1},{""language"":""SVG"",""blankLines"":0,""codeLines"":81,""commentLines"":0},{""language"":""DOS Batch"",""blankLines"":61,""codeLines"":150,""commentLines"":9},{""language"":""ProGuard"",""blankLines"":11,""codeLines"":9,""commentLines"":39},{""language"":""Bourne Again Shell"",""blankLines"":39,""codeLines"":244,""commentLines"":41},{""language"":""JSON"",""blankLines"":0,""codeLines"":582,""commentLines"":0},{""language"":""Java"",""blankLines"":42098,""codeLines"":253357,""commentLines"":86378},{""language"":""Text"",""blankLines"":17,""codeLines"":127,""commentLines"":0},{""language"":""C++"",""blankLines"":196,""codeLines"":1547,""commentLines"":197},{""language"":""Properties"",""blankLines"":0,""codeLines"":21,""commentLines"":9}]","2024-10-17T01:27:10","e16dd0a9551f8d7c7744b5d201f87fc2a512bbaf",true,false,false,false,"{""Java"":14129401,""C++"":75253,""Makefile"":13595,""Shell"":5299,""Batchfile"":1029}","bug;documentation;duplicate;enhancement;good first issue;help wanted;invalid;question;wontfix","android;android-tv;android-tv-box;java;kotlin;retrofit2;rxjava-android"
"94602013","apache/incubator-kie-drools",false,"17382","229","4","2499","Java","main",,"http://www.drools.org","306","5856","223","292678","2011-02-18T08:37:05","2024-10-17T06:16:43","2024-10-17T06:16:51","158","31","5969","12","198885","1105781","299600","[{""language"":""Freemarker Template"",""blankLines"":18,""codeLines"":54,""commentLines"":27},{""language"":""Protocol Buffers"",""blankLines"":96,""codeLines"":373,""commentLines"":96},{""language"":""XML"",""blankLines"":3392,""codeLines"":122644,""commentLines"":37039},{""language"":""XSLT"",""blankLines"":47,""codeLines"":471,""commentLines"":54},{""language"":""YAML"",""blankLines"":80,""codeLines"":1083,""commentLines"":724},{""language"":""Markdown"",""blankLines"":869,""codeLines"":1653,""commentLines"":624},{""language"":""SVG"",""blankLines"":465,""codeLines"":47095,""commentLines"":2197},{""language"":""HTML"",""blankLines"":143,""codeLines"":329,""commentLines"":528},{""language"":""JSON"",""blankLines"":2,""codeLines"":10169,""commentLines"":0},{""language"":""Java"",""blankLines"":173575,""codeLines"":823764,""commentLines"":227526},{""language"":""XSD"",""blankLines"":273,""codeLines"":8551,""commentLines"":477},{""language"":""PlantUML"",""blankLines"":253,""codeLines"":5104,""commentLines"":601},{""language"":""CSV"",""blankLines"":4,""codeLines"":175,""commentLines"":0},{""language"":""Bourne Shell"",""blankLines"":47,""codeLines"":146,""commentLines"":114},{""language"":""make"",""blankLines"":18,""codeLines"":70,""commentLines"":32},{""language"":""JavaScript"",""blankLines"":22,""codeLines"":223,""commentLines"":17},{""language"":""Drools"",""blankLines"":9178,""codeLines"":32338,""commentLines"":18214},{""language"":""AsciiDoc"",""blankLines"":5685,""codeLines"":17594,""commentLines"":4539},{""language"":""Maven"",""blankLines"":3086,""codeLines"":22785,""commentLines"":5130},{""language"":""Groovy"",""blankLines"":73,""codeLines"":278,""commentLines"":57},{""language"":""CSS"",""blankLines"":29,""codeLines"":166,""commentLines"":78},{""language"":""TNSDL"",""blankLines"":0,""codeLines"":3,""commentLines"":0},{""language"":""Ruby"",""blankLines"":13,""codeLines"":22,""commentLines"":18},{""language"":""DOS Batch"",""blankLines"":7,""codeLines"":51,""commentLines"":22},{""language"":""Handlebars"",""blankLines"":13,""codeLines"":61,""commentLines"":59},{""language"":""ANTLR Grammar"",""blankLines"":1348,""codeLines"":8741,""commentLines"":776},{""language"":""Text"",""blankLines"":74,""codeLines"":1690,""commentLines"":0},{""language"":""Properties"",""blankLines"":75,""codeLines"":148,""commentLines"":651}]","2024-10-17T06:16:43","8b78f8a740e502f5fc67d0f887840f0d081af3fb",false,false,false,false,"{""Java"":48513478,""GAP"":205651,""ANTLR"":102810,""HTML"":33959,""ASL"":26920,""XSLT"":25892,""Groovy"":16866,""Shell"":11472,""JavaScript"":8849,""CSS"":6686,""Handlebars"":6081,""Makefile"":4106,""Batchfile"":3399,""FreeMarker"":1884,""Ruby"":1281}","6.5.x;backport-7.67.x;backport-7.67.x-blue;backport-7.x;backport-8.33.x;backport-8.34.x;backport-8.35.x;backport-8.39.x;backport-8.40.x;backport-8.40.x-prod;backport-8.42.x;backport-9.42.x;backport-9.x;backport-main;cherry-pick :cherries:;dependencies;dmn;do-not-merge;dsl-test;github_actions;good-first-issue;hacktoberfest;java;javascript;kogito downstream;rebase-needed;run_fdb;skip-ci;waiting_for_cp;working_in_progress","dmn;hacktoberfest;java;rule-engine"
"94602159","jetty/jetty.project",false,"30120","64","105","1910","Java","jetty-12.0.x","Other","https://eclipse.dev/jetty","266","3849","208","255928","2011-07-14T01:11:57","2024-10-17T04:36:39","2024-10-17T03:56:27","5837","335","6487","33","133162","962227","165564","[{""language"":""CSS"",""blankLines"":73,""codeLines"":421,""commentLines"":4},{""language"":""INI"",""blankLines"":5,""codeLines"":26,""commentLines"":0},{""language"":""Text"",""blankLines"":1020,""codeLines"":31210,""commentLines"":0},{""language"":""HTML"",""blankLines"":254,""codeLines"":2243,""commentLines"":29},{""language"":""JSON"",""blankLines"":0,""codeLines"":131654,""commentLines"":0},{""language"":""Java"",""blankLines"":121958,""codeLines"":715310,""commentLines"":157701},{""language"":""XSD"",""blankLines"":23,""codeLines"":264,""commentLines"":0},{""language"":""PlantUML"",""blankLines"":72,""codeLines"":507,""commentLines"":1},{""language"":""Protocol Buffers"",""blankLines"":3,""codeLines"":16,""commentLines"":0},{""language"":""Properties"",""blankLines"":15,""codeLines"":462,""commentLines"":647},{""language"":""JSP"",""blankLines"":55,""codeLines"":395,""commentLines"":0},{""language"":""YAML"",""blankLines"":28,""codeLines"":420,""commentLines"":41},{""language"":""Markdown"",""blankLines"":126,""codeLines"":321,""commentLines"":4},{""language"":""Bourne Shell"",""blankLines"":162,""codeLines"":763,""commentLines"":199},{""language"":""XML"",""blankLines"":1984,""codeLines"":16677,""commentLines"":3975},{""language"":""Ant"",""blankLines"":2,""codeLines"":20,""commentLines"":17},{""language"":""JavaScript"",""blankLines"":51,""codeLines"":1041,""commentLines"":12},{""language"":""SQL"",""blankLines"":8,""codeLines"":40,""commentLines"":0},{""language"":""AsciiDoc"",""blankLines"":4860,""codeLines"":12850,""commentLines"":810},{""language"":""XSLT"",""blankLines"":6,""codeLines"":76,""commentLines"":0},{""language"":""Groovy"",""blankLines"":151,""codeLines"":549,""commentLines"":379},{""language"":""SVG"",""blankLines"":11,""codeLines"":4332,""commentLines"":16},{""language"":""Maven"",""blankLines"":1898,""codeLines"":42020,""commentLines"":652},{""language"":""DTD"",""blankLines"":397,""codeLines"":610,""commentLines"":1077}]","2024-10-17T03:56:23","14b277b69f48d891af47233883235ccbc2045e81",false,false,false,false,"{""Java"":35797507,""JavaScript"":171477,""HTML"":142344,""AMPL"":136682,""Groovy"":48831,""Shell"":30901,""CSS"":24387,""XSLT"":2658}","bad-idea;behavior-change;bug;build;build-all-tests;build-no-cache;dependencies;do not merge;documentation;duplicate;eclipse-dash;end-of-life release;enhancement;flaky-test;force-build-cache;help wanted;high priority;http client;http3;java;jvm issue;low priority;mac osx;medium priority;merge-12-needed;microsoft windows;missing eca;more info required;need test;need-project;not a bug;ongoing;outstanding bug report!;performance;pinned;question;save-home;security;skip-changelog;specification;sponsored;stale;task;tck;test;third party;triage;unable to replicate;website","eclipse;embedded;fcgi;http;http-client;http-server;http2;http2-push;http3;https;jakartaee;java;jetty;jsp;osgi;servlet;ssl;tls;unix-socket;websockets"
"94712993","polymorphicshade/Tubular",false,"11320","3","7","36","Java","master","GNU General Public License v3.0",,"29","1404","307","116397","2024-01-21T02:58:23","2024-08-14T03:01:43","2024-08-15T05:15:02","122","50","13","2","14863","148152","9825","[{""language"":""SVG"",""blankLines"":22,""codeLines"":5444,""commentLines"":17},{""language"":""XML"",""blankLines"":1516,""codeLines"":71968,""commentLines"":310},{""language"":""JavaScript"",""blankLines"":17,""codeLines"":115,""commentLines"":15},{""language"":""DOS Batch"",""blankLines"":21,""codeLines"":69,""commentLines"":2},{""language"":""ProGuard"",""blankLines"":8,""codeLines"":28,""commentLines"":9},{""language"":""Kotlin"",""blankLines"":1486,""codeLines"":8713,""commentLines"":740},{""language"":""Text"",""blankLines"":8,""codeLines"":34,""commentLines"":0},{""language"":""Properties"",""blankLines"":0,""codeLines"":14,""commentLines"":0},{""language"":""Java"",""blankLines"":10990,""codeLines"":51641,""commentLines"":8537},{""language"":""JSON"",""blankLines"":0,""codeLines"":6394,""commentLines"":0},{""language"":""YAML"",""blankLines"":35,""codeLines"":251,""commentLines"":0},{""language"":""Markdown"",""blankLines"":512,""codeLines"":1947,""commentLines"":14},{""language"":""Bourne Shell"",""blankLines"":28,""codeLines"":102,""commentLines"":115},{""language"":""HTML"",""blankLines"":162,""codeLines"":1169,""commentLines"":2},{""language"":""Gradle"",""blankLines"":58,""codeLines"":263,""commentLines"":64}]","2024-07-27T08:16:13","c2765316542743c2a4fc02d75ccf44bc22f53878",false,false,false,false,"{""Java"":2729944,""Kotlin"":419031,""HTML"":77544}","☹️ ignored issue template;✋ up for grabs;✨ feature request;❔ need more info;⬆️ verify;📆 planned;📖 documentation;🤡 goofball;🦟 bug",""
"94758633","AutoMQ/automq",false,"14760","30","41","214","Java","main","Other","https://www.automq.com/docs","36","3767","353","189214","2023-08-17T07:50:13","2024-10-17T08:10:08","2024-10-17T08:10:11","465","56","1612","7","195701","1092076","254492","[{""language"":""Text"",""blankLines"":1,""codeLines"":35,""commentLines"":0},{""language"":""XSLT"",""blankLines"":26,""codeLines"":153,""commentLines"":27},{""language"":""INI"",""blankLines"":7,""codeLines"":21,""commentLines"":0},{""language"":""Bourne Again Shell"",""blankLines"":124,""codeLines"":710,""commentLines"":216},{""language"":""JavaScript"",""blankLines"":3,""codeLines"":6,""commentLines"":15},{""language"":""Bourne Shell"",""blankLines"":385,""codeLines"":1805,""commentLines"":1192},{""language"":""HTML"",""blankLines"":2529,""codeLines"":22023,""commentLines"":1174},{""language"":""Python"",""blankLines"":4510,""codeLines"":17893,""commentLines"":6661},{""language"":""Maven"",""blankLines"":31,""codeLines"":491,""commentLines"":62},{""language"":""Java"",""blankLines"":153769,""codeLines"":837339,""commentLines"":208693},{""language"":""Gradle"",""blankLines"":594,""codeLines"":3301,""commentLines"":350},{""language"":""YAML"",""blankLines"":204,""codeLines"":3096,""commentLines"":535},{""language"":""Markdown"",""blankLines"":555,""codeLines"":1847,""commentLines"":29},{""language"":""Dockerfile"",""blankLines"":82,""codeLines"":229,""commentLines"":157},{""language"":""XML"",""blankLines"":372,""codeLines"":2070,""commentLines"":476},{""language"":""JSON"",""blankLines"":316,""codeLines"":17318,""commentLines"":0},{""language"":""Scala"",""blankLines"":31701,""codeLines"":182543,""commentLines"":32895},{""language"":""Properties"",""blankLines"":391,""codeLines"":881,""commentLines"":1474},{""language"":""DOS Batch"",""blankLines"":101,""codeLines"":315,""commentLines"":536}]","2024-10-17T08:10:06","b4f0adfe74cd530ae834e4bbe3f34fb3b33f4547",true,false,false,false,"{""Java"":53456082,""Scala"":11110466,""Python"":1412511,""Shell"":159010,""Roff"":39396,""Batchfile"":38052,""Dockerfile"":24479,""XSLT"":7116,""HTML"":3739}","akip;bug;documentation;duplicate;e2e;enhancement;good first issue;help wanted;invalid;long-running;perf;question;refactor;s3stream;stale;wal;wontfix","aws;azure;cloud;cloud-economics;cloud-first;cloud-native;ebs;gcp;kafka;messaging;minio;s3;serverless;spot;storage;streaming"
"95076176","camunda/camunda",false,"59083","566","316","602","Java","main",,"https://camunda.com/platform/","111","3287","173","500942","2016-03-20T03:38:04","2024-10-15T07:10:57","2024-10-15T05:42:18","7928","1028","15615","137","188503","1193786","174148","[{""language"":""Text"",""blankLines"":83,""codeLines"":486,""commentLines"":0},{""language"":""C"",""blankLines"":41,""codeLines"":185,""commentLines"":14},{""language"":""INI"",""blankLines"":6,""codeLines"":24,""commentLines"":0},{""language"":""Go"",""blankLines"":56,""codeLines"":334,""commentLines"":32},{""language"":""TypeScript"",""blankLines"":21778,""codeLines"":146395,""commentLines"":12555},{""language"":""SCSS"",""blankLines"":1051,""codeLines"":5650,""commentLines"":365},{""language"":""TOML"",""blankLines"":0,""codeLines"":2,""commentLines"":1},{""language"":""DOS Batch"",""blankLines"":68,""codeLines"":316,""commentLines"":68},{""language"":""YAML"",""blankLines"":1195,""codeLines"":22157,""commentLines"":2040},{""language"":""PlantUML"",""blankLines"":24,""codeLines"":108,""commentLines"":0},{""language"":""Protocol Buffers"",""blankLines"":179,""codeLines"":599,""commentLines"":509},{""language"":""GraphQL"",""blankLines"":17,""codeLines"":254,""commentLines"":74},{""language"":""Markdown"",""blankLines"":2341,""codeLines"":6451,""commentLines"":182},{""language"":""Assembly"",""blankLines"":2668,""codeLines"":11900,""commentLines"":1301},{""language"":""XML"",""blankLines"":368,""codeLines"":41863,""commentLines"":173},{""language"":""Freemarker Template"",""blankLines"":304,""codeLines"":1364,""commentLines"":0},{""language"":""Diff"",""blankLines"":3,""codeLines"":5,""commentLines"":5},{""language"":""Bourne Again Shell"",""blankLines"":13,""codeLines"":78,""commentLines"":6},{""language"":""HTML"",""blankLines"":22,""codeLines"":259,""commentLines"":36},{""language"":""CSS"",""blankLines"":28,""codeLines"":139,""commentLines"":7},{""language"":""Dockerfile"",""blankLines"":99,""codeLines"":343,""commentLines"":137},{""language"":""CSV"",""blankLines"":1,""codeLines"":125,""commentLines"":0},{""language"":""JSON"",""blankLines"":12,""codeLines"":67587,""commentLines"":0},{""language"":""Java"",""blankLines"":146026,""codeLines"":820190,""commentLines"":150674},{""language"":""XSD"",""blankLines"":177,""codeLines"":1651,""commentLines"":0},{""language"":""make"",""blankLines"":60,""codeLines"":300,""commentLines"":9},{""language"":""C/C++ Header"",""blankLines"":7,""codeLines"":51,""commentLines"":0},{""language"":""Properties"",""blankLines"":18,""codeLines"":146,""commentLines"":94},{""language"":""JavaScript"",""blankLines"":7740,""codeLines"":39299,""commentLines"":4682},{""language"":""Maven"",""blankLines"":3662,""codeLines"":22180,""commentLines"":782},{""language"":""Bourne Shell"",""blankLines"":437,""codeLines"":1646,""commentLines"":383},{""language"":""SVG"",""blankLines"":10,""codeLines"":1651,""commentLines"":8},{""language"":""SQL"",""blankLines"":9,""codeLines"":48,""commentLines"":11}]","2024-10-15T05:26:33","dcbf04864d95853b22900661d5e153808acc74d9",true,false,false,false,"{""Java"":41452887,""TypeScript"":5483988,""JavaScript"":1555280,""SCSS"":131677,""FreeMarker"":94639,""Shell"":63007,""Dockerfile"":23367,""Makefile"":16523,""Go"":14313,""HTML"":12854,""Batchfile"":11048,""CSS"":2925,""MDX"":2383,""Smarty"":230}","area/bpmn-support;area/build;area/maintainability;area/observability;area/performance;area/project;area/reliability;area/resilience;area/security;area/test;area/ux;automerge;backport main;backport release-8.2.29;backport release-8.3.13;backport release-8.4.9;backport release-8.5.4;backport release/optimize-8.6.0-alpha5;backport stable/8.2;backport stable/8.3;backport stable/8.4;backport stable/8.5;backport stable/8.6;backport stable/operate-8.5;backport stable/optimize-8.6;benchmark;blocker/info;blocker/stakeholder;breaking change;bug_fix;chaos-day;component/backend;component/backup;component/broker;component/build-pipeline;component/c8-api;component/c8run;component/camunda-process-test;component/clients;component/db;component/document-handling;component/engine;component/exporter;component/frontend;component/gateway;component/gossip;component/identity;component/journal;component/management-identity;component/monitor;component/operate;component/optimize;component/partition-transitions;component/protocol;component/raft;component/rdbms;component/scheduler;component/snapshot;component/state;component/stream-platform;component/tasklist;component/transport;component/zeebe;dependencies;deploy-preview;enhancement;gameday;go;good first issue;hacktoberfest;hacktoberfest-accepted;hold/do-not-merge;impact/high;impact/low;impact/medium;incident;invalid;java;javascript;kind/bug;kind/documentation;kind/epic;kind/feature;kind/flake;kind/proposal;kind/question;kind/research;kind/task;kind/toil;likelihood/high;likelihood/low;likelihood/mid;likelihood/unknown;onboarding;opensearch;operate-patch:2024/08/13;operate-patch:2024/09/11;operate-patch:2024/10/08;operate:prioritized-backlog;planning/discuss;pm-eye;qa/notneeded;qa/notverified;qa/pendingverification;qa/verified;regression;release 8.3.15;release 8.4.12;release 8.5.6;release 8.6.0;release: 8.3.13;release: 8.4.10;release: 8.5.4;release: 8.6.0-alpha2;release:8.5.5;scope/broker;scope/clients-go;scope/clients-java;scope/clients-spring;scope/gateway;scope/spring-boot-starter-camunda;scope/zbctl;severity/critical;severity/high;severity/low;severity/mid;spring-cleaning;stale;stop-updating;support;target:2024-july-patch;target:8.2;target:8.3;target:8.4;target:8.5;target:8.5-alpha1;target:8.5-alpha2;target:8.6;target:8.6.0-alpha5;target:8.7;target:8.7-alpha1;tech-debt;tests;update-snapshots;version:0.1.0;version:0.1.1;version:1.2.12;version:1.3.0;version:1.3.1;version:1.3.10;version:1.3.11;version:1.3.12;version:1.3.13;version:1.3.14;version:1.3.2;version:1.3.3;version:1.3.4;version:1.3.5;version:1.3.6;version:1.3.7;version:1.3.8;version:1.3.9;version:3.15.0;version:8.1.0;version:8.1.0-alpha1;version:8.1.0-alpha2;version:8.1.0-alpha3;version:8.1.0-alpha4;version:8.1.0-alpha5;version:8.1.1;version:8.1.10;version:8.1.11;version:8.1.12;version:8.1.13;version:8.1.14;version:8.1.15;version:8.1.16;version:8.1.17;version:8.1.18;version:8.1.19;version:8.1.2;version:8.1.20;version:8.1.21;version:8.1.22;version:8.1.23;version:8.1.24;version:8.1.25;version:8.1.26;version:8.1.27;version:8.1.3;version:8.1.4;version:8.1.5;version:8.1.6;version:8.1.7;version:8.1.8;version:8.1.9;version:8.2.0;version:8.2.0-alpha1;version:8.2.0-alpha2;version:8.2.0-alpha3;version:8.2.0-alpha4;version:8.2.0-alpha5;version:8.2.0-rc1;version:8.2.1;version:8.2.10;version:8.2.11;version:8.2.12;version:8.2.13;version:8.2.14;version:8.2.15;version:8.2.16;version:8.2.17;version:8.2.18;version:8.2.19;version:8.2.2;version:8.2.20;version:8.2.21;version:8.2.22;version:8.2.23;version:8.2.24;version:8.2.25;version:8.2.26;version:8.2.27;version:8.2.28;version:8.2.29;version:8.2.3;version:8.2.30;version:8.2.31;version:8.2.32;version:8.2.4;version:8.2.5;version:8.2.6;version:8.2.7;version:8.2.8;version:8.2.9;version:8.3.0;version:8.3.0-alpha1;version:8.3.0-alpha2;version:8.3.0-alpha2.2;version:8.3.0-alpha3;version:8.3.0-alpha4;version:8.3.0-alpha5;version:8.3.0-alpha6;version:8.3.1;version:8.3.10;version:8.3.11;version:8.3.12;version:8.3.13;version:8.3.14;version:8.3.15;version:8.3.16;version:8.3.17;version:8.3.2;version:8.3.3;version:8.3.4;version:8.3.5;version:8.3.6;version:8.3.7;version:8.3.8;version:8.3.9;version:8.4.0;version:8.4.0-alpha1;version:8.4.0-alpha2;version:8.4.1;version:8.4.10;version:8.4.11;version:8.4.12;version:8.4.13;version:8.4.2;version:8.4.3;version:8.4.4;version:8.4.5;version:8.4.6;version:8.4.7;version:8.4.8;version:8.4.9;version:8.5-alpha2;version:8.5.0;version:8.5.0-alpha1;version:8.5.0-alpha2;version:8.5.1;version:8.5.2;version:8.5.3;version:8.5.4;version:8.5.5;version:8.5.6;version:8.5.7;version:8.5.8;version:8.6.0;version:8.6.0-alpha1;version:8.6.0-alpha2;version:8.6.0-alpha3;version:8.6.0-alpha4;version:8.6.0-alpha5;version:8.6.1;version:8.6.2;version:8.6.3;version:8.6.4","bpmn;grpc;java;microservices;orchestration-framework;workflow;workflow-engine"
"95098986","opensolon/solon",false,"14461","7","132","223","Java","main","Apache License 2.0","https://solon.noear.org","34","2264","69","62433","2018-07-07T01:23:50","2024-10-17T04:01:22","2024-10-17T02:17:34","128","16","165","1","27263","111031","58614","[{""language"":""XML"",""blankLines"":47,""codeLines"":1325,""commentLines"":3},{""language"":""JavaScript"",""blankLines"":2,""codeLines"":8,""commentLines"":3},{""language"":""JSP"",""blankLines"":1,""codeLines"":14,""commentLines"":0},{""language"":""Markdown"",""blankLines"":1090,""codeLines"":5825,""commentLines"":0},{""language"":""CSS"",""blankLines"":3,""codeLines"":16,""commentLines"":0},{""language"":""Bourne Shell"",""blankLines"":27,""codeLines"":99,""commentLines"":108},{""language"":""HTML"",""blankLines"":39,""codeLines"":344,""commentLines"":0},{""language"":""SQL"",""blankLines"":12,""codeLines"":144,""commentLines"":0},{""language"":""Maven"",""blankLines"":1708,""codeLines"":8708,""commentLines"":162},{""language"":""Java"",""blankLines"":24004,""codeLines"":90870,""commentLines"":58205},{""language"":""Ruby"",""blankLines"":2,""codeLines"":5,""commentLines"":0},{""language"":""Freemarker Template"",""blankLines"":11,""codeLines"":102,""commentLines"":0},{""language"":""YAML"",""blankLines"":112,""codeLines"":603,""commentLines"":78},{""language"":""JSON"",""blankLines"":0,""codeLines"":943,""commentLines"":0},{""language"":""Gradle"",""blankLines"":12,""codeLines"":75,""commentLines"":2},{""language"":""TypeScript"",""blankLines"":54,""codeLines"":607,""commentLines"":12},{""language"":""INI"",""blankLines"":1,""codeLines"":5,""commentLines"":0},{""language"":""Text"",""blankLines"":15,""codeLines"":323,""commentLines"":0},{""language"":""DOS Batch"",""blankLines"":21,""codeLines"":66,""commentLines"":2},{""language"":""Properties"",""blankLines"":2,""codeLines"":177,""commentLines"":10},{""language"":""Vuejs Component"",""blankLines"":98,""codeLines"":759,""commentLines"":0},{""language"":""Velocity Template Language"",""blankLines"":1,""codeLines"":10,""commentLines"":0},{""language"":""Kotlin"",""blankLines"":1,""codeLines"":3,""commentLines"":29}]","2024-10-07T05:42:19","8152cb17abcee32d74057d5899cf162acbf4e6d4",true,false,false,false,"{""Java"":5102332,""TypeScript"":24742,""Vue"":23764,""HTML"":13923,""FreeMarker"":2643,""Kotlin"":1151,""CSS"":205,""JavaScript"":89,""Ruby"":83}","bug;dependencies;duplicate;enhancement;fix;good first issue;help wanted;invalid;java;question;wontfix","aop-framework;ioc-framework;java;microservice;miro-framework;no-servlet;no-spring;plugin;remoting;rest-api;rpc;solon;solon-cloud;web-framework"
"95127724","JetBrains/intellij-community",false,"456831","3088","0","5234","Java","master","Apache License 2.0","https://jetbrains.com/idea","535","17171","271","5008409","2011-09-30T01:33:05","2024-10-13T11:37:19","2024-10-14T03:18:15","0","0","2774","288","1558647","11472711","1046000","[{""language"":""HCL"",""blankLines"":0,""codeLines"":20,""commentLines"":0},{""language"":""TeX"",""blankLines"":120,""codeLines"":1993,""commentLines"":612},{""language"":""TypeScript"",""blankLines"":169,""codeLines"":508,""commentLines"":455},{""language"":""DOS Batch"",""blankLines"":227,""codeLines"":734,""commentLines"":83},{""language"":""Forth"",""blankLines"":224,""codeLines"":1751,""commentLines"":87},{""language"":""F#"",""blankLines"":1,""codeLines"":37,""commentLines"":1},{""language"":""SCSS"",""blankLines"":186,""codeLines"":1125,""commentLines"":68},{""language"":""Ruby"",""blankLines"":16,""codeLines"":114,""commentLines"":7},{""language"":""DTD"",""blankLines"":6070,""codeLines"":17946,""commentLines"":9826},{""language"":""C#"",""blankLines"":3,""codeLines"":85,""commentLines"":3},{""language"":""ColdFusion"",""blankLines"":0,""codeLines"":29,""commentLines"":0},{""language"":""Python"",""blankLines"":141321,""codeLines"":693487,""commentLines"":142725},{""language"":""Visual Studio Solution"",""blankLines"":2,""codeLines"":36,""commentLines"":1},{""language"":""Elixir"",""blankLines"":1,""codeLines"":50,""commentLines"":0},{""language"":""Protocol Buffers"",""blankLines"":65,""codeLines"":356,""commentLines"":3},{""language"":""NAnt script"",""blankLines"":1,""codeLines"":2,""commentLines"":0},{""language"":""Kotlin"",""blankLines"":434811,""codeLines"":2361877,""commentLines"":193437},{""language"":""CMake"",""blankLines"":114,""codeLines"":317,""commentLines"":18},{""language"":""Windows Resource File"",""blankLines"":32,""codeLines"":252,""commentLines"":1},{""language"":""Windows Module Definition"",""blankLines"":10,""codeLines"":60,""commentLines"":0},{""language"":""PlantUML"",""blankLines"":71,""codeLines"":289,""commentLines"":9},{""language"":""C++"",""blankLines"":614,""codeLines"":2814,""commentLines"":305},{""language"":""Prolog"",""blankLines"":0,""codeLines"":5,""commentLines"":0},{""language"":""XML"",""blankLines"":13843,""codeLines"":818703,""commentLines"":3538},{""language"":""Bourne Again Shell"",""blankLines"":103,""codeLines"":516,""commentLines"":222},{""language"":""XSD"",""blankLines"":15332,""codeLines"":158267,""commentLines"":3246},{""language"":""JSON"",""blankLines"":1025,""codeLines"":787005,""commentLines"":0},{""language"":""Jupyter Notebook"",""blankLines"":0,""codeLines"":73,""commentLines"":219},{""language"":""Erlang"",""blankLines"":0,""codeLines"":1,""commentLines"":0},{""language"":""SVG"",""blankLines"":38,""codeLines"":33406,""commentLines"":3846},{""language"":""TOML"",""blankLines"":744,""codeLines"":3542,""commentLines"":244},{""language"":""Groovy"",""blankLines"":7332,""codeLines"":33444,""commentLines"":4290},{""language"":""Thrift"",""blankLines"":64,""codeLines"":168,""commentLines"":75},{""language"":""Text"",""blankLines"":13389,""codeLines"":1083798,""commentLines"":0},{""language"":""Bourne Shell"",""blankLines"":1384,""codeLines"":6803,""commentLines"":1226},{""language"":""FXML"",""blankLines"":116,""codeLines"":2458,""commentLines"":0},{""language"":""INI"",""blankLines"":274,""codeLines"":1896,""commentLines"":28},{""language"":""make"",""blankLines"":20,""codeLines"":251,""commentLines"":3},{""language"":""Perl"",""blankLines"":45,""codeLines"":864,""commentLines"":4},{""language"":""Web Services Description"",""blankLines"":2962,""codeLines"":5722,""commentLines"":2},{""language"":""PowerShell"",""blankLines"":42,""codeLines"":279,""commentLines"":33},{""language"":""SQL"",""blankLines"":3,""codeLines"":30,""commentLines"":0},{""language"":""Ant"",""blankLines"":214,""codeLines"":1227,""commentLines"":93},{""language"":""JSX"",""blankLines"":3,""codeLines"":17,""commentLines"":0},{""language"":""JSON5"",""blankLines"":13,""codeLines"":58,""commentLines"":7},{""language"":""Handlebars"",""blankLines"":5,""codeLines"":65,""commentLines"":0},{""language"":""Properties"",""blankLines"":4026,""codeLines"":51367,""commentLines"":1661},{""language"":""AspectJ"",""blankLines"":0,""codeLines"":12,""commentLines"":0},{""language"":""XHTML"",""blankLines"":75,""codeLines"":740,""commentLines"":9},{""language"":""Go"",""blankLines"":265,""codeLines"":3823,""commentLines"":45},{""language"":""reStructuredText"",""blankLines"":206,""codeLines"":608,""commentLines"":113},{""language"":""Cython"",""blankLines"":812,""codeLines"":2915,""commentLines"":617},{""language"":""C"",""blankLines"":24076,""codeLines"":253767,""commentLines"":100404},{""language"":""CSV"",""blankLines"":0,""codeLines"":6660,""commentLines"":0},{""language"":""Objective-C"",""blankLines"":337,""codeLines"":2140,""commentLines"":320},{""language"":""Fish Shell"",""blankLines"":12,""codeLines"":82,""commentLines"":2},{""language"":""PHP"",""blankLines"":9,""codeLines"":114,""commentLines"":1},{""language"":""GraphQL"",""blankLines"":9694,""codeLines"":48235,""commentLines"":26785},{""language"":""YAML"",""blankLines"":604,""codeLines"":13706,""commentLines"":118},{""language"":""Markdown"",""blankLines"":3632,""codeLines"":14330,""commentLines"":56},{""language"":""XSLT"",""blankLines"":366,""codeLines"":2141,""commentLines"":81},{""language"":""Java"",""blankLines"":852287,""codeLines"":4766959,""commentLines"":493394},{""language"":""Velocity Template Language"",""blankLines"":84,""codeLines"":1496,""commentLines"":25},{""language"":""Vuejs Component"",""blankLines"":0,""codeLines"":5,""commentLines"":0},{""language"":""Diff"",""blankLines"":117,""codeLines"":2598,""commentLines"":799},{""language"":""CoffeeScript"",""blankLines"":6,""codeLines"":60,""commentLines"":8},{""language"":""Gradle"",""blankLines"":2964,""codeLines"":15797,""commentLines"":399},{""language"":""Dockerfile"",""blankLines"":28,""codeLines"":117,""commentLines"":13},{""language"":""Rust"",""blankLines"":732,""codeLines"":3424,""commentLines"":182},{""language"":""Swift"",""blankLines"":32,""codeLines"":56,""commentLines"":33},{""language"":""Maven"",""blankLines"":2223,""codeLines"":54806,""commentLines"":4536},{""language"":""HTML"",""blankLines"":5153,""codeLines"":97221,""commentLines"":4014},{""language"":""CSS"",""blankLines"":2616,""codeLines"":11736,""commentLines"":473},{""language"":""zsh"",""blankLines"":30,""codeLines"":200,""commentLines"":23},{""language"":""JavaScript"",""blankLines"":4892,""codeLines"":80466,""commentLines"":32554},{""language"":""Starlark"",""blankLines"":423,""codeLines"":5385,""commentLines"":311},{""language"":""C/C++ Header"",""blankLines"":1932,""codeLines"":9196,""commentLines"":14288},{""language"":""JSP"",""blankLines"":5,""codeLines"":69,""commentLines"":19}]","2024-10-13T07:30:07","9855b392a8517987ee26f21ad06dd3a7e37d8b36",false,false,false,false,"{""Java"":221190449,""Kotlin"":113743355,""Python"":31787397,""C"":9931026,""HTML"":6289315,""JavaScript"":3061354,""Groovy"":563738,""C++"":545659,""CSS"":376091,""TeX"":317141,""Shell"":233880,""Lex"":214957,""Starlark"":202016,""Rust"":166725,""Cython"":143690,""Go"":141912,""XSLT"":113557,""Objective-C"":105661,""NSIS"":74714,""Prolog"":40010,""SCSS"":33706,""Roff"":29952,""AMPL"":25989,""Batchfile"":22167,""Makefile"":16339,""CMake"":13988,""PowerShell"":13980,""TypeScript"":11278,""Jupyter Notebook"":9148,""Thrift"":7691,""Swift"":5199,""Dockerfile"":5056,""PHP"":3900,""FIRRTL"":3506,""Raku"":3073,""GLSL"":2166,""Perl"":2077,""Ruby"":1941,""Handlebars"":1858,""C#"":1773,""ColdFusion"":1623,""Elixir"":1537,""CoffeeScript"":1385,""HCL"":1148,""Rich Text Format"":829,""Vim Snippet"":199,""AspectJ"":182,""Vue"":88,""F#"":60,""HLSL"":57,""Erlang"":10}","Kotlin FIR;abandoned;declined;dependencies;fixed;hacktoberfest-accepted;java;javascript;kotlin;merged;python;rebase needed;waiting for reply","code-editor;ide;intellij;intellij-community;intellij-platform"